Vigencia;Unidad;Codigo;Recurso;Concepto;Valor ene;Valor feb;Valor mar;Valor abr;Valor may;Valor jun;Valor jul;Valor ago;Valor sep;Valor oct;Valor nov;Valor dic
2025;01 - ADMINISTRATIVA Y FINANCIERA;1.1.02.06.006.01.01;10;Aportes para Funcionamiento;$ 26,570,768,646.00;$ 17,713,845,764.00;$ 17,713,845,764.00;$ 17,713,845,764.00;$ 17,713,845,764.00;$ 35,427,691,528.00;$ 17,713,845,764.00;$ 17,713,845,764.00;$ 17,713,845,764.00;$ 24,289,659,255.00;$ 42,793,306,052.00;$ 22,610,037,324.00
2025;01 - ADMINISTRATIVA Y FINANCIERA;1.1.02.06.006.01.06;10.1;Aportes PIC Convencional;$ 0.00;$ 0.00;$ 0.00;$ 0.00;$ 0.00;$ 0.00;$ 0.00;$ 0.00;$ 0.00;$ 0.00;$ 10,080,716,557.00;$ 0.00
2025;01 - ADMINISTRATIVA Y FINANCIERA;1.1.02.06.006.01.07;10.2;Aportes PIC Territorial;$ 0.00;$ 0.00;$ 0.00;$ 0.00;$ 0.00;$ 0.00;$ 0.00;$ 0.00;$ 0.00;$ 0.00;$ 2,835,297,958.00;$ 0.00
2025;01 - ADMINISTRATIVA Y FINANCIERA;1.1.02.06.006.01.09;10.4;Aportes Saldos PIC Territorial;$ 0.00;$ 0.00;$ 0.00;$ 0.00;$ 0.00;$ 0.00;$ 0.00;$ 0.00;$ 0.00;$ 0.00;$ 1,496,887,846.00;$ 0.00
2025;01 - ADMINISTRATIVA Y FINANCIERA;1.1.02.06.006.07.01;12;Estampilla Pro- Universidad Nacional y Demás Entidades Estatales de Colombia;$ 0.00;$ 0.00;$ 11,825,980,586.00;$ 0.00;$ 0.00;$ 0.00;$ 2,959,669,656.00;$ 0.00;$ 0.00;$ 0.00;$ 0.00;$ 0.00
2025;01 - ADMINISTRATIVA Y FINANCIERA;1.2.05.02.003;12;Rendimientos Financieros - Estampilla Pro UNAL y demas universidades;$ 1,618,133.32;$ 254,794.58;-$ 1,133,897.96;$ 254,794.58;$ 246,575.40;$ 254,794.58;$ 246,575.40;$ 254,794.58;$ 254,794.58;$ 246,575.40;$ 254,794.58;$ 246,575.40
2025;01 - ADMINISTRATIVA Y FINANCIERA;1.1.02.06.006.06.00;13;Excedentes Cooperativas Art.142, Ley 1819 del 2016;$ 0.00;$ 0.00;$ 0.00;$ 0.00;$ 0.00;$ 2,080,840,690.00;$ 0.00;$ 0.00;$ 0.00;$ 0.00;$ 0.00;$ 0.00
2025;01 - ADMINISTRATIVA Y FINANCIERA;1.1.02.06.006.01.03;14;Matrículas Pregrado FSE;$ 0.00;$ 8,424,933,874.00;$ 0.00;$ 14,276,944,083.00;$ 0.00;$ 0.00;$ 0.00;$ 0.00;$ 3,701,749,393.00;$ 1,059,139,424.00;$ 0.00;$ 11,828,688,241.00
2025;01 - ADMINISTRATIVA Y FINANCIERA;1.1.02.06.006.01.02;16;Aportes para Inversion;$ 6,958,736,074.00;$ 7,403,276,058.00;$ 0.00;$ 0.00;$ 0.00;$ 0.00;$ 0.00;$ 0.00;$ 0.00;$ 0.00;$ 0.00;$ 0.00
2025;01 - ADMINISTRATIVA Y FINANCIERA;1.2.05.02.004;16;Rendimientos Financieros - CREE;$ 85,304.86;$ 79,369.94;$ 73,120.73;$ 0.00;$ 83,863.46;$ 85,912.43;$ 83,870.42;$ 85,919.56;$ 85,923.17;$ 83,880.90;$ 85,930.30;$ 83,887.86
2025;01 - ADMINISTRATIVA Y FINANCIERA;1.1.02.06.006.01.04;17;Devolucion de descuento por votacion;$ 544,741,689.00;$ 363,161,126.00;$ 363,161,126.00;$ 363,161,126.00;$ 363,161,126.00;$ 726,322,253.00;$ 363,161,126.00;$ 363,161,126.00;$ 363,161,126.00;$ 363,161,126.00;$ 544,741,689.00;$ 462,667,277.00
2025;01 - ADMINISTRATIVA Y FINANCIERA;1.1.02.06.006.01.05;18;Articulo 87 CESU;$ 52,738,342.00;$ 35,158,895.00;$ 35,158,895.00;$ 35,158,895.00;$ 35,158,895.00;$ 70,317,790.00;$ 35,158,895.00;$ 35,158,895.00;$ 35,158,895.00;$ 35,158,895.00;$ 52,738,342.00;$ 0.00
2025;01 - ADMINISTRATIVA Y FINANCIERA;1.1.02.02.116.01.01.03;20;Pregrado - Matrículas;$ 608,671,719.00;$ 449,984,380.00;$ 103,127,797.00;$ 616,787,670.00;$ 345,209,310.00;$ 368,079,523.00;$ 1,076,373,511.00;$ 573,399,130.00;$ 301,705,880.00;$ 117,435,412.00;$ 223,093,667.00;$ 225,906,443.00
2025;01 - ADMINISTRATIVA Y FINANCIERA;1.1.02.05.002.06;20;"Comercio y distribución; alojamiento; servicios de suministro de comidas y bebidas; servicios de transporte; y servicios de distribución de electricidad, gas y agua";$ 304,659.00;$ 451,059,650.00;$ 525,133,660.00;$ 439,602,100.00;$ 449,798,500.00;$ 104,897,746.00;$ 8,204,985.00;$ 312,399,100.00;$ 851,607,050.00;$ 503,733,050.00;$ 321,940,950.00;$ 71,502,328.36
2025;01 - ADMINISTRATIVA Y FINANCIERA;1.1.02.02.116.01.01.04;20;Pregrado - Certificaciones, constancias académicas y derechos complementarios;$ 810,335,309.00;$ 524,928,955.00;$ 59,119,050.00;$ 41,369,550.00;$ 101,627,250.00;$ 156,286,030.00;$ 1,253,508,240.00;$ 118,151,652.00;$ 50,735,050.00;$ 70,130,650.00;$ 113,948,100.00;$ 176,539,900.00
2025;01 - ADMINISTRATIVA Y FINANCIERA;1.1.02.02.116.01.01.01;20;Pregrado - Inscripciones ;$ 0.00;$ 0.00;$ 0.00;$ 102,053,000.00;$ 334,536,000.00;$ 875,350,000.00;$ 33,946,500.00;$ 0.00;$ 30,957,500.00;$ 915,915,000.00;$ 270,291,000.00;$ 1,494,800.00
2025;01 - ADMINISTRATIVA Y FINANCIERA;1.2.05.02.002;20;Rendimientos Financieros - Propios;$ 115,583,158.42;$ 56,008,086.89;$ 194,246,204.73;$ 252,354,312.06;$ 250,428,343.36;$ 320,359,767.66;$ 265,383,896.52;$ 190,262,141.20;$ 219,751,698.52;$ 187,306,256.50;$ 154,349,606.84;$ 209,692,977.20
2025;01 - ADMINISTRATIVA Y FINANCIERA;1.1.02.02.116.01.01.02;20;Pregrado - Derechos de grado;$ 2,410,250.00;$ 44,556,000.00;$ 79,606,750.00;$ 26,706,000.00;$ 82,451,500.00;$ 185,636,000.00;$ 100,184,000.00;$ 62,130,000.00;$ 43,981,800.00;$ 106,289,500.00;$ 250,327,750.00;$ 28,609,000.00
2025;01 - ADMINISTRATIVA Y FINANCIERA;1.2.13.01.001;20;Ingresos de Vigencias Anteriores - Licencias e Incapacidades;$ 13,837,266.00;$ 13,794,921.00;$ 53,436,914.00;$ 30,488,160.00;$ 31,286,234.00;$ 49,330,069.00;$ 41,617,017.00;$ 77,711,100.00;$ 36,210,292.00;$ 60,361,298.00;$ 20,459,324.00;$ 13,994,068.00
2025;01 - ADMINISTRATIVA Y FINANCIERA;1.1.02.05.002.07;20;"Servicios financieros y servicios conexos; servicios inmobiliarios; y servicios de arrendamiento y leasing";$ 15,650,749.29;$ 10,181,888.00;$ 31,956,251.72;$ 21,972,273.85;$ 26,482,013.51;$ 16,576,678.85;$ 24,387,203.16;$ 19,688,695.54;$ 26,579,295.28;$ 19,990,453.85;$ 28,442,503.85;$ 76,962,318.50
2025;09 - INGENIERIA;1.1.02.02.116.01.01.03;20;Pregrado - Matrículas;$ 0.00;$ 102,658,920.00;$ 0.00;$ 0.00;$ 2,095,080.00;$ 158,106,250.00;$ 0.00;$ 20,881,036.80;$ 983,923.20;$ 21,538,693.80;$ 0.00;$ 0.00
2025;01 - ADMINISTRATIVA Y FINANCIERA;1.2.13.01.007;20;Ingresos de Vigencias Anteriores - Propios;$ 0.00;$ 2,845,851.00;$ 0.00;$ 0.00;$ 0.00;$ 607,584.00;$ 0.00;$ 0.00;$ 0.00;$ 0.00;$ 33,836,410.00;$ 224,212,153.00
2025;01 - ADMINISTRATIVA Y FINANCIERA;1.1.02.05.002.01;20;"Minerales; electricidad, gas y agua";$ 0.00;$ 2,653,560.00;$ 15,759,286.00;$ 24,737,784.00;$ 17,185,715.67;$ 9,695,368.00;$ 2,912,903.00;$ 10,109,796.66;$ 17,576,108.00;$ 20,457,827.00;$ 18,542,791.00;$ 12,559,035.67
2025;13 - SECCIONAL SOGAMOSO;1.1.02.02.116.01.01.03;20;Pregrado - Matrículas;$ 0.00;$ 0.00;$ 0.00;$ 0.00;$ 0.00;$ 72,262,500.00;$ 0.00;$ 0.00;$ 0.00;$ 0.00;$ 0.00;$ 0.00
2025;01 - ADMINISTRATIVA Y FINANCIERA;1.2.08.01.003.01;20;No condicionadas a la adquisición de un activo ;$ 0.00;$ 0.00;$ 0.00;$ 0.00;$ 0.00;$ 0.00;$ 0.00;$ 0.00;$ 0.00;$ 66,000,000.00;$ 0.00;$ 0.00
2025;01 - ADMINISTRATIVA Y FINANCIERA;1.1.02.02.015;20;Certificaciones y constancias;$ 5,123,300.00;$ 5,565,950.00;$ 4,171,700.00;$ 3,593,450.00;$ 4,297,000.00;$ 3,738,650.00;$ 5,639,050.00;$ 3,266,100.00;$ 4,235,600.00;$ 5,086,900.00;$ 6,274,500.00;$ 3,995,250.00
2025;12 - SECCIONAL DUITAMA;1.1.02.02.116.01.01.03;20;Pregrado - Matrículas;$ 0.00;$ 0.00;$ 0.00;$ 0.00;$ 0.00;$ 49,712,500.00;$ 0.00;$ 0.00;$ 0.00;$ 0.00;$ 0.00;$ 0.00
2025;02 - INVESTIGACION Y EXTENSION;1.2.13.01.001;20;Ingresos de Vigencias Anteriores - Licencias e Incapacidades;$ 0.00;$ 0.00;$ 413,902.00;$ 0.00;$ 0.00;$ 0.00;$ 0.00;$ 19,912,200.00;$ 0.00;$ 29,184,008.00;$ 0.00;$ 0.00
2025;01 - ADMINISTRATIVA Y FINANCIERA;1.1.02.03.001.05;20;Sanciones administrativas;$ 1,972,401.00;$ 885,000.00;$ 3,113,390.00;$ 1,692,500.00;$ 3,638,600.00;$ 11,027,600.00;$ 6,712,800.00;$ 1,221,400.00;$ 1,790,400.00;$ 3,058,900.00;$ 3,564,900.00;$ 7,458,800.00
2025;10 - DERECHO Y CIENCIAS SOCIALES;1.1.02.02.116.01.01.03;20;Pregrado - Matrículas;$ 0.00;$ 0.00;$ 0.00;$ 0.00;$ 0.00;$ 42,025,000.00;$ 256,250.00;-$ 256,250.00;$ 0.00;$ 0.00;$ 0.00;$ 0.00
2025;05 - CIENCIAS BASICAS;1.1.02.02.116.01.01.03;20;Pregrado - Matrículas;$ 0.00;$ 0.00;$ 0.00;$ 0.00;$ 0.00;$ 37,925,000.00;$ 0.00;$ 348,600.00;$ 0.00;$ 0.00;$ 0.00;$ 0.00
2025;06 - CIENCIAS ECONOMICAS, ADMINISTRATIVAS Y CONTABLES;1.1.02.02.116.01.01.03;20;Pregrado - Matrículas;$ 0.00;$ 0.00;$ 0.00;$ 0.00;$ 0.00;$ 16,912,500.00;$ 0.00;$ 0.00;$ 0.00;$ 0.00;$ 0.00;$ 0.00
2025;04 - CIENCIAS DE LA EDUCACION;1.1.02.02.116.01.01.01;20;Pregrado - Inscripciones ;$ 0.00;$ 0.00;$ 0.00;$ 0.00;$ 0.00;$ 0.00;$ 0.00;$ 0.00;$ 0.00;$ 2,989,000.00;$ 11,529,000.00;$ 0.00
2025;01 - ADMINISTRATIVA Y FINANCIERA;1.2.13.01.003;20;Ingresos de Vigencias Anteriores - Servicios Públicos;$ 278,100.00;$ 0.00;$ 5,379,980.00;$ 5,895,960.00;-$ 75,770.00;$ 0.00;-$ 450,000.00;$ 0.00;$ 0.00;$ 0.00;$ 0.00;$ 0.00
2025;01 - ADMINISTRATIVA Y FINANCIERA;1.1.02.05.002.04;20;Productos metálicos, maquinaria y equipo;$ 0.00;$ 140,000.00;$ 895,000.00;$ 670,000.00;$ 40,000.00;$ 750,000.00;$ 4,912,885.00;$ 900,000.00;$ 773,500.00;$ 25,000.00;$ 420,000.00;$ 0.00
2025;15 - SEDE REGIONAL AGUAZUL;1.1.02.02.116.01.01.01;20;Pregrado - Inscripciones ;$ 0.00;$ 0.00;$ 0.00;$ 0.00;$ 0.00;$ 0.00;$ 0.00;$ 0.00;$ 0.00;$ 6,191,500.00;$ 3,202,500.00;$ 0.00
2025;15 - SEDE REGIONAL AGUAZUL;1.1.02.05.002.01;20;"Minerales; electricidad, gas y agua";$ 0.00;$ 0.00;$ 0.00;$ 755,330.00;$ 685,288.00;$ 707,190.00;$ 518,400.00;$ 0.00;$ 191,170.00;$ 608,850.00;$ 906,940.00;$ 756,900.00
2025;11 - ESTUDIOS TECNOLOGICOS Y A DISTANCIA;1.1.02.02.116.01.01.03;20;Pregrado - Matrículas;$ 0.00;$ 0.00;$ 0.00;$ 0.00;$ 0.00;$ 0.00;$ 0.00;$ 5,129,190.00;$ 0.00;$ 0.00;$ 0.00;$ 0.00
2025;14 - SECCIONAL CHIQUINQUIRA;1.2.13.01.001;20;Ingresos de Vigencias Anteriores - Licencias e Incapacidades;$ 0.00;$ 0.00;$ 0.00;$ 0.00;$ 0.00;$ 0.00;$ 0.00;$ 0.00;$ 0.00;$ 3,311,010.00;$ 0.00;$ 1,537,255.00
2025;11 - ESTUDIOS TECNOLOGICOS Y A DISTANCIA;1.2.13.01.001;20;Ingresos de Vigencias Anteriores - Licencias e Incapacidades;$ 0.00;$ 0.00;$ 0.00;$ 0.00;$ 0.00;$ 0.00;$ 1,771,348.00;$ 0.00;$ 0.00;$ 996,450.00;$ 0.00;$ 0.00
2025;04 - CIENCIAS DE LA EDUCACION;1.2.13.01.001;20;Ingresos de Vigencias Anteriores - Licencias e Incapacidades;$ 0.00;$ 0.00;$ 492,292.00;$ 0.00;$ 0.00;$ 0.00;$ 0.00;$ 0.00;$ 0.00;$ 0.00;$ 0.00;$ 1,626,548.00
2025;04 - CIENCIAS DE LA EDUCACION;1.1.02.02.116.01.01.04;20;Pregrado - Certificaciones, constancias académicas y derechos complementarios;$ 0.00;$ 0.00;$ 0.00;$ 0.00;$ 0.00;$ 0.00;$ 0.00;$ 980,400.00;$ 0.00;$ 0.00;$ 0.00;$ 501,600.00
2025;15 - SEDE REGIONAL AGUAZUL;1.1.02.03.001.05;20;Sanciones administrativas;$ 0.00;$ 0.00;$ 0.00;$ 0.00;$ 79,800.00;$ 690,600.00;$ 182,200.00;$ 0.00;$ 0.00;$ 0.00;$ 58,800.00;$ 76,500.00
2025;09 - INGENIERIA;1.2.13.01.001;20;Ingresos de Vigencias Anteriores - Licencias e Incapacidades;$ 0.00;$ 0.00;$ 0.00;$ 0.00;$ 0.00;$ 0.00;$ 156,890.00;$ 0.00;$ 442,869.00;$ 0.00;$ 0.00;$ 0.00
2025;15 - SEDE REGIONAL AGUAZUL;1.1.02.02.116.01.01.04;20;Pregrado - Certificaciones, constancias académicas y derechos complementarios;$ 0.00;$ 0.00;$ 0.00;$ 0.00;$ 0.00;$ 0.00;$ 0.00;$ 0.00;$ 0.00;$ 0.00;$ 0.00;$ 524,000.00
2025;11 - ESTUDIOS TECNOLOGICOS Y A DISTANCIA;1.1.02.02.116.01.01.01;20;Pregrado - Inscripciones ;$ 0.00;$ 0.00;$ 0.00;$ 0.00;$ 0.00;$ 0.00;$ 0.00;$ 0.00;$ 0.00;$ 0.00;$ 427,000.00;$ 0.00
2025;11 - ESTUDIOS TECNOLOGICOS Y A DISTANCIA;1.1.02.02.116.01.01.04;20;Pregrado - Certificaciones, constancias académicas y derechos complementarios;$ 0.00;$ 0.00;$ 0.00;$ 0.00;$ 37,100.00;$ 37,100.00;$ 111,300.00;$ 37,100.00;$ 0.00;$ 37,100.00;$ 74,200.00;$ 0.00
2025;06 - CIENCIAS ECONOMICAS, ADMINISTRATIVAS Y CONTABLES;1.2.13.01.001;20;Ingresos de Vigencias Anteriores - Licencias e Incapacidades;$ 0.00;$ 0.00;$ 0.00;$ 0.00;$ 0.00;$ 0.00;$ 0.00;$ 284,726.00;$ 0.00;$ 0.00;$ 0.00;$ 0.00
2025;14 - SECCIONAL CHIQUINQUIRA;1.1.02.02.116.01.01.03;20;Pregrado - Matrículas;$ 0.00;$ 0.00;$ 0.00;$ 0.00;$ 0.00;$ 256,250.00;$ 0.00;$ 0.00;$ 0.00;$ 0.00;$ 0.00;$ 0.00
2025;05 - CIENCIAS BASICAS;1.2.13.01.001;20;Ingresos de Vigencias Anteriores - Licencias e Incapacidades;$ 0.00;$ 0.00;$ 0.00;$ 0.00;$ 0.00;$ 0.00;$ 0.00;$ 0.00;$ 203,805.00;$ 0.00;$ 0.00;$ 0.00
2025;14 - SECCIONAL CHIQUINQUIRA;1.1.02.02.116.01.01.04;20;Pregrado - Certificaciones, constancias académicas y derechos complementarios;$ 0.00;$ 0.00;$ 0.00;$ 0.00;$ 0.00;$ 0.00;$ 0.00;$ 142,350.00;$ 0.00;$ 0.00;$ 0.00;$ 0.00
2025;13 - SECCIONAL SOGAMOSO;1.2.13.01.001;20;Ingresos de Vigencias Anteriores - Licencias e Incapacidades;$ 0.00;$ 0.00;$ 0.00;$ 0.00;$ 0.00;$ 0.00;$ 47,450.00;$ 0.00;$ 0.00;$ 0.00;$ 0.00;$ 0.00
2025;01 - ADMINISTRATIVA Y FINANCIERA;1.1.02.06.006.02;21;Devolución IVA - Instituciones de Educación Superior;$ 0.00;$ 947,998,640.00;$ 0.00;$ 1,822,075,598.00;$ 637,465,862.00;$ 0.00;$ 1,580,026,414.00;$ 0.00;$ 2,039,170,671.00;$ 0.00;$ 1,617,443.00;$ 953,393,273.00
2025;04 - CIENCIAS DE LA EDUCACION;1.1.02.02.116.01.02.03;31;Posgrado - Matrículas;$ 149,793,423.00;$ 1,705,130,110.00;$ 1,056,924,215.00;$ 255,888,526.00;$ 673,111,724.00;$ 23,914,800.00;$ 1,569,759,762.00;$ 2,074,394,040.00;$ 454,445,337.00;$ 55,348,527.00;$ 112,849,475.00;$ 132,041,597.00
2025;09 - INGENIERIA;1.1.02.02.116.01.02.03;31;Posgrado - Matrículas;$ 121,697,002.00;$ 1,607,786,916.00;$ 639,781,545.00;$ 256,844,974.00;$ 312,911,280.00;$ 55,441,555.00;$ 1,418,509,378.00;$ 1,463,845,241.00;$ 411,093,865.00;$ 76,301,715.00;$ 217,325,745.00;$ 7,544,550.00
2025;11 - ESTUDIOS TECNOLOGICOS Y A DISTANCIA;1.1.02.02.116.01.02.03;31;Posgrado - Matrículas;$ 69,352,968.00;$ 1,301,168,347.00;$ 697,610,608.00;$ 110,102,850.00;$ 168,434,175.00;$ 16,594,399.00;$ 1,065,990,446.00;$ 1,560,258,954.00;$ 208,685,100.00;$ 35,587,500.00;$ 79,929,525.00;$ 33,982,000.00
2025;06 - CIENCIAS ECONOMICAS, ADMINISTRATIVAS Y CONTABLES;1.1.02.02.116.01.02.03;31;Posgrado - Matrículas;$ 50,036,025.00;$ 918,640,947.00;$ 426,996,087.00;$ 172,219,450.00;$ 137,879,300.00;$ 30,469,725.05;$ 1,092,389,900.00;$ 1,081,389,986.00;$ 344,887,550.00;$ 22,585,275.00;$ 33,736,950.00;$ 0.00
2025;13 - SECCIONAL SOGAMOSO;1.1.02.02.116.01.02.03;31;Posgrado - Matrículas;$ 76,880,700.00;$ 840,582,050.00;$ 475,883,050.00;$ 123,151,600.00;$ 238,276,450.00;$ 34,959,600.00;$ 947,855,954.00;$ 1,019,143,275.00;$ 290,937,875.00;$ 46,619,625.00;$ 56,014,725.00;$ 0.00
2025;12 - SECCIONAL DUITAMA;1.1.02.02.116.01.02.03;31;Posgrado - Matrículas;$ 31,359,800.00;$ 670,052,675.00;$ 504,917,275.00;$ 98,438,600.00;$ 102,460,800.00;$ 20,429,175.00;$ 581,741,825.00;$ 624,423,950.00;$ 154,093,875.00;$ 19,929,000.00;$ 25,623,000.00;$ 0.00
2025;07 - CIENCIAS DE LA SALUD;1.1.02.02.116.01.02.03;31;Posgrado - Matrículas;$ 215,233,200.00;$ 103,459,200.00;$ 55,341,000.00;$ 50,784,000.00;$ 231,727,600.00;$ 7,544,550.00;$ 541,100,949.00;$ 371,974,836.00;$ 105,054,300.00;$ 15,241,475.00;$ 25,806,916.20;$ 129,823,200.00
2025;08 - CIENCIAS AGROPECUARIAS;1.1.02.02.116.01.02.03;31;Posgrado - Matrículas;$ 29,897,675.00;$ 408,053,875.00;$ 153,545,925.00;$ 42,931,200.00;$ 131,933,100.00;$ 10,086,050.00;$ 388,045,172.00;$ 510,331,947.00;$ 120,852,265.00;$ 27,900,600.00;$ 24,555,375.00;$ 0.00
2025;05 - CIENCIAS BASICAS;1.1.02.02.116.01.02.03;31;Posgrado - Matrículas;$ 9,964,500.00;$ 183,294,927.00;$ 108,083,450.00;$ 47,464,772.00;$ 40,472,575.00;$ 3,202,875.00;$ 228,039,607.00;$ 226,843,275.00;$ 126,264,850.00;$ 11,288,450.00;$ 22,989,525.00;$ 7,217,225.00
2025;10 - DERECHO Y CIENCIAS SOCIALES;1.1.02.02.116.01.02.03;31;Posgrado - Matrículas;$ 10,391,775.00;$ 98,462,325.00;$ 26,998,125.00;$ 22,776,000.00;$ 9,964,500.00;$ 0.00;$ 94,877,707.00;$ 72,954,375.00;$ 19,929,000.00;$ 3,202,875.00;$ 3,202,875.00;$ 0.00
2025;04 - CIENCIAS DE LA EDUCACION;1.1.02.02.116.01.02.02;31;Posgrado - Derechos de grado;$ 0.00;$ 711,750.00;$ 5,969,250.00;$ 0.00;$ 3,772,250.00;$ 76,655,350.00;$ 52,669,500.00;$ 5,694,000.00;$ 7,829,250.00;$ 21,352,500.00;$ 123,844,500.00;$ 0.00
2025;09 - INGENIERIA;1.1.02.02.116.01.02.02;31;Posgrado - Derechos de grado;$ 0.00;$ 711,750.00;$ 2,258,750.00;$ 0.00;$ 3,558,750.00;$ 94,074,500.00;$ 2,135,250.00;$ 0.00;$ 1,423,500.00;$ 14,235,000.00;$ 144,608,750.00;$ 0.00
2025;11 - ESTUDIOS TECNOLOGICOS Y A DISTANCIA;1.1.02.02.116.01.02.02;31;Posgrado - Derechos de grado;$ 0.00;$ 0.00;$ 7,829,250.00;$ 0.00;$ 0.00;$ 21,992,750.00;$ 76,584,250.00;$ 0.00;$ 0.00;$ 17,010,750.00;$ 133,524,250.00;$ 0.00
2025;06 - CIENCIAS ECONOMICAS, ADMINISTRATIVAS Y CONTABLES;1.1.02.02.116.01.02.02;31;Posgrado - Derechos de grado;$ 0.00;$ 0.00;$ 4,332,250.00;$ 0.00;$ 0.00;$ 27,687,000.00;$ 64,769,250.00;$ 0.00;$ 0.00;$ 0.00;$ 128,969,000.00;$ 0.00
2025;13 - SECCIONAL SOGAMOSO;1.1.02.02.116.01.02.02;31;Posgrado - Derechos de grado;$ 0.00;$ 0.00;$ 3,620,500.00;$ 0.00;$ 92,651,000.00;$ 9,252,750.00;$ 2,847,000.00;$ 0.00;$ 1,423,500.00;$ 54,804,750.00;$ 53,381,250.00;$ 0.00
2025;12 - SECCIONAL DUITAMA;1.1.02.02.116.01.02.02;31;Posgrado - Derechos de grado;$ 0.00;$ 0.00;$ 3,558,750.00;$ 711,750.00;$ 711,750.00;$ 67,616,250.00;$ 5,694,000.00;$ 0.00;$ 2,847,000.00;$ 2,847,000.00;$ 82,563,000.00;$ 0.00
2025;04 - CIENCIAS DE LA EDUCACION;1.1.02.02.116.01.02.01;31;Posgrado - Inscripciones ;$ 27,356,250.00;$ 8,231,600.00;$ 7,564,700.00;$ 1,138,800.00;$ 3,131,700.00;$ 47,260,200.00;$ 17,082,000.00;$ 569,400.00;$ 0.00;$ 0.00;$ 7,117,500.00;$ 31,032,300.00
2025;09 - INGENIERIA;1.1.02.02.116.01.02.01;31;Posgrado - Inscripciones ;$ 31,688,800.00;$ 7,686,900.00;$ 0.00;$ 0.00;$ 5,409,300.00;$ 31,317,000.00;$ 37,011,000.00;$ 284,700.00;$ 0.00;$ 0.00;$ 10,533,900.00;$ 21,921,900.00
2025;11 - ESTUDIOS TECNOLOGICOS Y A DISTANCIA;1.1.02.02.116.01.02.01;31;Posgrado - Inscripciones ;$ 23,952,500.00;$ 6,214,000.00;$ 284,700.00;$ 1,138,800.00;$ 7,117,500.00;$ 48,126,350.00;$ 22,776,000.00;$ 284,700.00;$ 0.00;$ 0.00;$ 4,839,900.00;$ 17,651,400.00
2025;06 - CIENCIAS ECONOMICAS, ADMINISTRATIVAS Y CONTABLES;1.1.02.02.116.01.02.01;31;Posgrado - Inscripciones ;$ 18,406,700.00;$ 5,978,700.00;$ 0.00;$ 0.00;$ 5,124,600.00;$ 36,156,900.00;$ 14,235,000.00;$ 284,700.00;$ 0.00;$ 0.00;$ 1,992,900.00;$ 20,213,700.00
2025;08 - CIENCIAS AGROPECUARIAS;1.1.02.02.116.01.02.02;31;Posgrado - Derechos de grado;$ 0.00;$ 0.00;$ 2,847,000.00;$ 0.00;$ 0.00;$ 23,549,500.00;$ 7,117,500.00;$ 0.00;$ 2,135,250.00;$ 0.00;$ 54,093,000.00;$ 0.00
2025;01 - ADMINISTRATIVA Y FINANCIERA;1.1.02.02.116.01.02.01;31;Posgrado - Inscripciones ;$ 0.00;$ 569,400.00;$ 4,481,100.00;$ 0.00;$ 0.00;$ 0.00;$ 2,277,600.00;$ 284,700.00;$ 5,978,700.00;$ 854,100.00;$ 2,277,600.00;$ 70,036,200.00
2025;13 - SECCIONAL SOGAMOSO;1.1.02.02.116.01.02.01;31;Posgrado - Inscripciones ;$ 18,926,700.00;$ 4,555,200.00;$ 0.00;$ 0.00;$ 2,277,600.00;$ 29,039,400.00;$ 11,459,200.00;$ 0.00;$ 0.00;$ 0.00;$ 3,416,400.00;$ 7,402,200.00
2025;12 - SECCIONAL DUITAMA;1.1.02.02.116.01.02.01;31;Posgrado - Inscripciones ;$ 15,250,300.00;$ 5,409,300.00;$ 0.00;$ 0.00;$ 3,131,700.00;$ 24,484,200.00;$ 6,263,400.00;$ 569,400.00;$ 0.00;$ 0.00;$ 4,555,200.00;$ 7,686,900.00
2025;08 - CIENCIAS AGROPECUARIAS;1.1.02.02.116.01.02.01;31;Posgrado - Inscripciones ;$ 8,726,900.00;$ 2,847,000.00;$ 0.00;$ 0.00;$ 3,131,700.00;$ 15,089,100.00;$ 10,818,600.00;$ 0.00;$ 0.00;$ 0.00;$ 3,985,800.00;$ 8,825,700.00
2025;07 - CIENCIAS DE LA SALUD;1.1.02.02.116.01.02.02;31;Posgrado - Derechos de grado;$ 0.00;$ 711,750.00;$ 0.00;$ 0.00;$ 0.00;$ 711,750.00;$ 19,217,250.00;$ 0.00;$ 0.00;$ 0.00;$ 14,235,000.00;$ 7,117,500.00
2025;04 - CIENCIAS DE LA EDUCACION;1.1.02.02.116.01.02.04;31;Posgrado - Certificaciones, constancias académicas y derechos complementarios;$ 3,035,400.00;$ 6,400,400.00;$ 951,900.00;$ 8,550.00;$ 1,992,900.00;$ 9,964,500.00;$ 5,026,200.00;$ 4,470,750.00;$ 42,750.00;$ 293,250.00;$ 4,071,200.00;$ 1,423,500.00
2025;14 - SECCIONAL CHIQUINQUIRA;1.1.02.02.116.01.02.03;31;Posgrado - Matrículas;$ 0.00;$ 12,277,687.00;$ 3,558,750.00;$ 2,847,000.00;$ 14,391,000.00;$ 0.00;$ 0.00;$ 0.00;$ 0.00;$ 0.00;$ 0.00;$ 0.00
2025;05 - CIENCIAS BASICAS;1.1.02.02.116.01.02.02;31;Posgrado - Derechos de grado;$ 0.00;$ 0.00;$ 1,423,500.00;$ 711,750.00;$ 0.00;$ 7,331,000.00;$ 4,270,500.00;$ 0.00;$ 2,135,250.00;$ 0.00;$ 16,583,750.00;$ 0.00
2025;09 - INGENIERIA;1.1.02.02.116.01.02.04;31;Posgrado - Certificaciones, constancias académicas y derechos complementarios;$ 3,643,650.00;$ 5,860,650.00;$ 1,521,150.00;$ 284,700.00;$ 654,800.00;$ 2,847,000.00;$ 5,239,050.00;$ 4,166,400.00;$ 284,700.00;$ 569,400.00;$ 2,078,300.00;$ 2,562,300.00
2025;10 - DERECHO Y CIENCIAS SOCIALES;1.1.02.02.116.01.02.02;31;Posgrado - Derechos de grado;$ 0.00;$ 711,750.00;$ 1,423,500.00;$ 711,750.00;$ 0.00;$ 711,750.00;$ 12,099,750.00;$ 0.00;$ 0.00;$ 0.00;$ 8,541,000.00;$ 0.00
2025;07 - CIENCIAS DE LA SALUD;1.1.02.02.116.01.02.01;31;Posgrado - Inscripciones ;$ 3,131,700.00;$ 854,100.00;$ 284,700.00;$ 0.00;$ 3,416,400.00;$ 5,978,700.00;$ 3,131,700.00;$ 0.00;$ 569,400.00;$ 1,138,800.00;$ 3,131,700.00;$ 2,277,600.00
2025;01 - ADMINISTRATIVA Y FINANCIERA;1.1.02.02.116.01.02.03;31;Posgrado - Matrículas;$ 1,768,720.00;$ 0.00;$ 2,562,400.00;$ 0.00;$ 0.00;$ 0.00;$ 4,548,135.00;$ 9,719,720.00;$ 0.00;$ 0.00;$ 0.00;$ 0.00
2025;11 - ESTUDIOS TECNOLOGICOS Y A DISTANCIA;1.1.02.02.116.01.02.04;31;Posgrado - Certificaciones, constancias académicas y derechos complementarios;$ 1,375,350.00;$ 3,499,650.00;$ 1,111,200.00;$ 8,550.00;$ 0.00;$ 2,847,000.00;$ 3,843,450.00;$ 3,881,400.00;$ 0.00;$ 569,400.00;$ 569,400.00;$ 569,400.00
2025;12 - SECCIONAL DUITAMA;1.1.02.02.116.01.02.04;31;Posgrado - Certificaciones, constancias académicas y derechos complementarios;$ 1,249,950.00;$ 2,628,600.00;$ 456,000.00;$ 0.00;$ 284,700.00;$ 854,100.00;$ 3,697,200.00;$ 1,641,500.00;$ 31,350.00;$ 1,423,500.00;$ 1,708,200.00;$ 1,138,800.00
2025;13 - SECCIONAL SOGAMOSO;1.1.02.02.116.01.02.04;31;Posgrado - Certificaciones, constancias académicas y derechos complementarios;$ 168,150.00;$ 2,387,700.00;$ 723,900.00;$ 8,550.00;$ 284,700.00;$ 3,131,700.00;$ 2,168,850.00;$ 2,413,650.00;$ 0.00;$ 0.00;$ 2,277,600.00;$ 1,138,800.00
2025;06 - CIENCIAS ECONOMICAS, ADMINISTRATIVAS Y CONTABLES;1.1.02.02.116.01.02.04;31;Posgrado - Certificaciones, constancias académicas y derechos complementarios;$ 481,350.00;$ 3,289,400.00;$ 1,324,650.00;$ 8,550.00;$ 8,550.00;$ 1,138,800.00;$ 3,424,800.00;$ 2,610,300.00;-$ 22,800.00;$ 85,400.00;$ 854,100.00;$ 569,400.00
2025;05 - CIENCIAS BASICAS;1.1.02.02.116.01.02.01;31;Posgrado - Inscripciones ;$ 2,562,300.00;$ 569,400.00;$ 284,700.00;$ 0.00;$ 284,700.00;$ 1,992,900.00;$ 1,992,900.00;$ 0.00;$ 0.00;$ 0.00;$ 1,138,800.00;$ 4,839,900.00
2025;14 - SECCIONAL CHIQUINQUIRA;1.1.02.02.116.01.02.02;31;Posgrado - Derechos de grado;$ 0.00;$ 0.00;$ 0.00;$ 0.00;$ 0.00;$ 4,270,500.00;$ 3,558,750.00;$ 0.00;$ 0.00;$ 0.00;$ 0.00;$ 0.00
2025;10 - DERECHO Y CIENCIAS SOCIALES;1.1.02.02.116.01.02.01;31;Posgrado - Inscripciones ;$ 2,822,300.00;$ 1,708,200.00;$ 284,700.00;$ 0.00;$ 284,700.00;$ 1,138,800.00;$ 284,700.00;$ 0.00;$ 0.00;$ 0.00;$ 0.00;$ 284,700.00
2025;05 - CIENCIAS BASICAS;1.1.02.02.116.01.02.04;31;Posgrado - Certificaciones, constancias académicas y derechos complementarios;$ 310,350.00;$ 715,050.00;$ 108,300.00;$ 0.00;$ 284,700.00;$ 569,400.00;$ 792,000.00;$ 883,200.00;$ 293,250.00;$ 0.00;$ 854,100.00;$ 854,100.00
2025;08 - CIENCIAS AGROPECUARIAS;1.1.02.02.116.01.02.04;31;Posgrado - Certificaciones, constancias académicas y derechos complementarios;$ 105,450.00;$ 1,228,050.00;$ 541,500.00;$ 0.00;$ 0.00;$ 569,400.00;$ 917,700.00;$ 1,561,800.00;$ 8,550.00;$ 0.00;$ 293,250.00;$ 284,700.00
2025;10 - DERECHO Y CIENCIAS SOCIALES;1.1.02.02.116.01.02.04;31;Posgrado - Certificaciones, constancias académicas y derechos complementarios;$ 310,350.00;$ 931,350.00;$ 1,695,850.00;$ 0.00;$ 0.00;$ 284,700.00;$ 1,036,500.00;$ 162,450.00;$ 0.00;$ 0.00;$ 0.00;$ 284,700.00
2025;14 - SECCIONAL CHIQUINQUIRA;1.1.02.02.116.01.02.01;31;Posgrado - Inscripciones ;$ 854,100.00;$ 854,100.00;$ 0.00;$ 0.00;$ 0.00;$ 1,138,800.00;$ 0.00;$ 0.00;$ 0.00;$ 0.00;$ 0.00;$ 0.00
2025;07 - CIENCIAS DE LA SALUD;1.1.02.02.116.01.02.04;31;Posgrado - Certificaciones, constancias académicas y derechos complementarios;$ 136,800.00;$ 236,550.00;$ 22,800.00;$ 0.00;$ 85,400.00;$ 284,700.00;$ 686,850.00;$ 570,000.00;$ 0.00;$ 0.00;$ 0.00;$ 182,400.00
2025;01 - ADMINISTRATIVA Y FINANCIERA;1.2.13.01.004;31;Ingresos de Vigencias Anteriores - Extension;$ 0.00;$ 0.00;$ 0.00;$ 0.00;$ 0.00;$ 0.00;$ 0.00;$ 0.00;$ 0.00;$ 0.00;$ 0.00;$ 500,000.00
2025;14 - SECCIONAL CHIQUINQUIRA;1.1.02.02.116.01.02.04;31;Posgrado - Certificaciones, constancias académicas y derechos complementarios;$ 0.00;$ 76,950.00;$ 8,550.00;$ 0.00;$ 0.00;$ 0.00;$ 0.00;$ 0.00;$ 0.00;$ 0.00;$ 0.00;$ 0.00
2025;01 - ADMINISTRATIVA Y FINANCIERA;1.1.02.05.001.09.01.01;32;Extension;$ 8,847,890,800.27;$ 475,859,890.00;$ 227,234,370.00;$ 490,507,100.07;$ 538,630,737.00;$ 105,669,136.00;$ 330,191,018.76;$ 255,310,131.00;$ 91,633,490.00;$ 126,763,850.00;$ 226,843,236.02;$ 171,217,899.00
2025;02 - INVESTIGACION Y EXTENSION;1.1.02.05.001.09.01.01;32;Extension;$ 13,263,466.65;$ 1,511,710,470.41;$ 0.00;$ 2,358,099.00;$ 2,040,000.00;$ 2,720,000.00;$ 2,071,050.00;$ 2,040,000.00;$ 1,804,580.00;-$ 379,800.00;$ 680,000.00;$ 1,808,000.00
2025;02 - INVESTIGACION Y EXTENSION;1.1.02.05.002.00;32;Agricultura, silvicultura y productos de la pesca;$ 15,712,090.00;$ 21,425,255.00;$ 66,304,114.00;$ 67,762,119.00;$ 74,249,971.00;$ 17,101,400.00;$ 101,116,903.00;$ 51,191,017.00;$ 28,999,050.00;$ 118,588,100.00;$ 28,924,393.00;$ 55,382,335.04
2025;09 - INGENIERIA;1.1.02.05.001.09.01.01;32;Extension;$ 0.00;$ 3,131,680.00;$ 45,926,230.00;$ 11,248,208.00;$ 21,322,350.00;$ 12,289,072.00;$ 272,614,366.00;$ 188,831,400.00;$ 3,610,000.00;$ 0.00;$ 3,036,800.00;$ 0.00
2025;13 - SECCIONAL SOGAMOSO;1.1.02.05.001.09.01.01;32;Extension;$ 25,578,970.00;$ 25,017,653.00;$ 42,280,152.00;$ 102,925,989.00;$ 26,707,947.00;$ 34,365,107.00;$ 28,908,345.00;$ 59,798,944.00;$ 28,839,226.00;$ 49,275,550.00;$ 56,992,634.62;$ 25,294,035.00
2025;06 - CIENCIAS ECONOMICAS, ADMINISTRATIVAS Y CONTABLES;1.1.02.05.001.09.01.01;32;Extension;$ 32,008,376.00;$ 39,810,000.00;$ 16,900,000.00;$ 56,090,000.00;$ 200,000.00;$ 0.00;$ 2,800,000.00;$ 8,200,000.00;$ 0.00;$ 0.00;$ 0.00;$ 0.00
2025;08 - CIENCIAS AGROPECUARIAS;1.1.02.05.001.09.01.01;32;Extension;$ 1,863,200.00;$ 14,754,000.00;$ 8,261,100.00;$ 4,334,310.00;$ 5,303,600.00;$ 22,616,950.00;$ 32,777,470.00;$ 19,326,000.00;$ 8,565,800.00;$ 9,866,400.00;$ 9,827,700.00;$ 18,300,200.00
2025;12 - SECCIONAL DUITAMA;1.1.02.05.001.09.01.01;32;Extension;$ 20,000,000.00;$ 0.00;$ 655,520.00;$ 371,000.00;$ 5,306,162.00;$ 5,000,000.00;$ 2,054,350.00;$ 5,636,500.00;$ 2,429,000.00;$ 5,000,000.00;$ 0.00;$ 0.00
2025;04 - CIENCIAS DE LA EDUCACION;1.1.02.05.001.09.01.01;32;Extension;$ 20,725,000.00;$ 5,880,000.00;$ 2,042,000.00;$ 0.00;$ 0.00;$ 13,750,000.00;$ 0.00;$ 0.00;$ 0.00;$ 0.00;$ 0.00;$ 0.00
2025;15 - SEDE REGIONAL AGUAZUL;1.1.02.05.001.09.01.01;32;Extension;$ 0.00;$ 1,036,000.00;$ 7,478,000.00;$ 0.00;$ 0.00;$ 2,844,000.00;$ 6,178,000.00;$ 2,458,000.00;$ 3,390,000.00;$ 4,068,000.00;$ 0.00;$ 0.00
2025;05 - CIENCIAS BASICAS;1.1.02.05.001.09.01.01;32;Extension;$ 0.00;$ 0.00;$ 80,000.00;$ 280,000.00;$ 285,000.00;$ 606,200.00;$ 200,000.00;$ 200,000.00;$ 542,100.00;$ 180,000.00;$ 0.00;$ 0.00
2025;07 - CIENCIAS DE LA SALUD;1.1.02.05.001.09.01.01;32;Extension;$ 0.00;$ 0.00;$ 0.00;$ 0.00;$ 0.00;$ 150,000.00;$ 0.00;$ 75,000.00;$ 274,300.00;$ 424,300.00;$ 1,025,000.00;$ 0.00
2025;01 - ADMINISTRATIVA Y FINANCIERA;1.1.02.05.001.08.01;33;Convenios con derechos económicos;$ 0.00;$ 248,000,000.00;$ 237,528,189.24;$ 4,417,922,299.69;$ 1,143,334,047.50;$ 255,005,257.35;$ 2,592,211,220.22;$ 5,914,779,271.95;$ 708,770,297.40;$ 955,250,000.00;$ 2,005,162,987.98;$ 1,400,264,386.23
2025;02 - INVESTIGACION Y EXTENSION;1.1.02.05.001.08.01;33;Convenios con derechos económicos;$ 0.00;$ 0.00;$ 1,189,597,754.00;$ 5,148,181,341.00;$ 91,123,200.00;$ 0.00;$ 168,278,605.00;$ 592,139,058.00;$ 4,015,119,145.00;$ 1,691,274,615.42;$ 22,200,000.00;$ 4,819,589,929.45
2025;04 - CIENCIAS DE LA EDUCACION;1.1.02.05.001.08.01;33;Convenios con derechos económicos;$ 44,701,762.00;$ 0.00;$ 0.00;$ 21,250,000.00;$ 10,136,155,808.08;$ 256,432,520.00;$ 31,750,000.00;$ 12,750,000.00;$ 95,434,000.00;$ 6,400,000.00;$ 58,500,000.00;$ 66,430,000.00
2025;02 - INVESTIGACION Y EXTENSION;1.1.02.05.001.09.01.04;33;Investigacion;$ 0.00;$ 0.00;$ 212,400,000.00;$ 224,400,000.00;$ 0.00;$ 0.00;$ 0.00;$ 0.00;$ 0.00;$ 22,800,000.00;$ 2,348,500.00;$ 592,808,559.15
2025;12 - SECCIONAL DUITAMA;1.1.02.05.001.08.01;33;Convenios con derechos económicos;$ 0.00;$ 0.00;$ 0.00;$ 0.00;$ 55,800,000.00;$ 180,000,000.00;$ 0.00;$ 0.00;$ 37,200,000.00;$ 39,193,020.00;$ 401,778,694.00;$ 170,176,000.00
2025;13 - SECCIONAL SOGAMOSO;1.1.02.05.001.08.01;33;Convenios con derechos económicos;$ 0.00;$ 0.00;$ 0.00;$ 287,374,589.00;$ 0.00;$ 0.00;$ 0.00;$ 0.00;$ 0.00;$ 0.00;$ 0.00;$ 417,411,585.00
2025;06 - CIENCIAS ECONOMICAS, ADMINISTRATIVAS Y CONTABLES;1.1.02.05.001.08.01;33;Convenios con derechos económicos;$ 0.00;$ 0.00;$ 0.00;$ 0.00;$ 9,163,000.00;$ 0.00;$ 0.00;$ 0.00;$ 0.00;$ 25,000,000.00;$ 0.00;$ 240,517,500.00
2025;15 - SEDE REGIONAL AGUAZUL;1.1.02.05.001.08.01;33;Convenios con derechos económicos;$ 0.00;$ 0.00;$ 0.00;$ 0.00;$ 0.00;$ 0.00;$ 0.00;$ 0.00;$ 64,055,000.00;$ 0.00;$ 95,625,000.00;$ 71,500,000.00
2025;01 - ADMINISTRATIVA Y FINANCIERA;1.2.05.02.008;33;Rendimientos Financieros - Convenios con derechos;$ 3,096,453.90;$ 2,776,149.45;$ 1,494,418.18;$ 2,133,687.47;$ 2,679,475.20;$ 1,387,174.86;$ 6,448,825.11;$ 14,969,756.43;$ 23,125,765.01;$ 19,994,054.33;$ 17,051,982.06;$ 15,437,451.51
2025;07 - CIENCIAS DE LA SALUD;1.1.02.05.001.08.01;33;Convenios con derechos económicos;$ 0.00;$ 0.00;$ 0.00;$ 0.00;$ 0.00;$ 0.00;$ 0.00;$ 0.00;$ 0.00;$ 51,000,000.00;$ 0.00;$ 0.00
2025;09 - INGENIERIA;1.1.02.05.001.08.01;33;Convenios con derechos económicos;$ 0.00;$ 0.00;$ 0.00;$ 0.00;$ 0.00;$ 42,484,401.44;$ 0.00;$ 0.00;$ 0.00;$ 0.00;$ 0.00;$ 0.00
2025;13 - SECCIONAL SOGAMOSO;1.2.05.02.008;33;Rendimientos Financieros - Convenios con derechos;$ 0.00;$ 0.00;$ 0.00;$ 0.00;$ 1,639.00;$ 2,130.00;$ 1,904.00;$ 42,189.00;$ 38,234.00;$ 28,604.00;$ 24,691.00;$ 10,570.00
2025;01 - ADMINISTRATIVA Y FINANCIERA;1.1.02.06.006.06.01;34;Instituto Colombiano de Crédito Educativo y Estudios Técnicos en el Exterior - ICETEX - Acuerdo 001 de 2019;$ 0.00;$ 0.00;$ 0.00;$ 0.00;$ 0.00;$ 108,262,212.00;$ 0.00;$ 0.00;$ 54,082,499.00;$ 0.00;$ 0.00;$ 136,861,637.00
2025;11 - ESTUDIOS TECNOLOGICOS Y A DISTANCIA;1.1.02.05.001.09.01.05;35;Educación continuada;$ 579,980,194.00;$ 5,881,810.00;$ 360,980.00;$ 385,654,799.00;$ 13,897,010.00;-$ 1,480,440.00;$ 466,637,109.00;$ 190,977,120.00;$ 0.00;$ 0.00;$ 4,441,330.00;$ 0.00
2025;02 - INVESTIGACION Y EXTENSION;1.1.02.05.001.09.01.05;35;Educación continuada;$ 6,169,050.00;$ 132,922,629.00;$ 31,225,288.00;$ 47,788,570.00;$ 36,681,900.00;$ 64,548,000.00;$ 46,087,000.00;$ 35,414,817.00;$ 43,566,367.00;$ 71,846,876.00;$ 24,215,000.00;$ 2,952,489.00
2025;13 - SECCIONAL SOGAMOSO;1.1.02.05.001.09.01.05;35;Educación continuada;$ 15,840,000.00;$ 76,406,000.00;$ 18,492,000.00;$ 25,780,000.00;$ 13,383,500.00;$ 18,493,500.00;$ 6,801,000.00;$ 8,458,000.00;$ 28,947,000.00;$ 2,428,000.00;$ 1,231,000.00;$ 0.00
2025;07 - CIENCIAS DE LA SALUD;1.1.02.05.001.09.01.05;35;Educación continuada;$ 59,762,700.00;$ 86,337,800.00;$ 7,600,000.00;$ 0.00;$ 47,500,000.00;$ 0.00;$ 0.00;$ 0.00;$ 400,000.00;$ 400,000.00;$ 0.00;$ 0.00
2025;12 - SECCIONAL DUITAMA;1.1.02.05.001.09.01.05;35;Educación continuada;$ 0.00;$ 25,384,000.00;$ 20,342,000.00;$ 10,833,000.00;$ 16,149,000.00;$ 13,751,000.00;$ 15,640,000.00;$ 6,050,000.00;$ 7,193,000.00;$ 11,000,000.00;$ 0.00;$ 0.00
2025;10 - DERECHO Y CIENCIAS SOCIALES;1.1.02.05.001.09.01.05;35;Educación continuada;$ 0.00;$ 0.00;$ 17,450,000.00;$ 24,450,000.00;$ 1,050,000.00;$ 0.00;$ 0.00;$ 16,156,250.00;$ 35,250,000.00;$ 0.00;$ 0.00;$ 0.00
2025;09 - INGENIERIA;1.1.02.05.001.09.01.05;35;Educación continuada;$ 0.00;$ 0.00;$ 0.00;$ 40,000,000.00;$ 8,000,000.00;$ 7,500,000.00;$ 25,200,000.00;$ 0.00;$ 0.00;$ 0.00;$ 0.00;$ 0.00
2025;14 - SECCIONAL CHIQUINQUIRA;1.1.02.05.001.09.01.05;35;Educación continuada;$ 0.00;$ 4,154,000.00;$ 1,686,000.00;$ 0.00;$ 0.00;$ 0.00;$ 0.00;$ 0.00;$ 0.00;$ 0.00;$ 0.00;$ 0.00
2025;05 - CIENCIAS BASICAS;1.1.02.05.001.09.01.05;35;Educación continuada;$ 0.00;$ 0.00;$ 2,000,000.00;$ 0.00;$ 0.00;$ 0.00;$ 0.00;$ 1,050,000.00;$ 316,100.00;$ 612,105.00;$ 0.00;$ 0.00
2025;06 - CIENCIAS ECONOMICAS, ADMINISTRATIVAS Y CONTABLES;1.1.02.05.001.09.01.05;35;Educación continuada;$ 0.00;$ 0.00;$ 0.00;$ 1,300,000.00;$ 0.00;$ 0.00;$ 0.00;$ 0.00;$ 0.00;$ 0.00;$ 0.00;$ 0.00
2025;01 - ADMINISTRATIVA Y FINANCIERA;1.1.01.02.300.32;40;Estampilla pro Universidad Pedagógica y Tecnológica de Colombia;$ 85,683,543.00;$ 281,424,500.00;$ 413,243,919.00;$ 353,676,167.00;$ 453,225,339.00;$ 427,935,997.00;$ 568,129,334.00;$ 419,781,968.00;$ 394,897,957.00;$ 514,014,615.00;$ 453,067,119.00;$ 1,201,763,930.00
