Periodo;Numero;Concepto;Valor liquidacion;Objeto;Asignacion;Dedicacion;Vinculacion
Enero;492-001;PERMANENTE - (PLANTA);2718350225;LIQUIDACION NOMINA PLANTA DE PERSONAL - ENERO 2026;ADMINISTRATIVO;ADMINISTRATIVO;ADMINISTRATIVO
Enero;497-003;PREGRADO - CATEDRA;4556850;LIQUIDACION DE NOMINA TEMPORAL DOCENTES CATEDRATICOS ENERO DE 2026;PREGRADO;HORA CATEDRA;CATEDRA
Enero;497-002;TECNICA - OCASIONAL TIEMPO COMPLETO;23113511;LIQUIDACION DE NOMINA TEMPORAL DOCENTES OCASIONALES ENERO DE 2026;TECNICA;TIEMPO COMPLETO;OCASIONAL
Enero;497-002;TECNOLOGICA - OCASIONAL TIEMPO COMPLETO;56983494;LIQUIDACION DE NOMINA TEMPORAL DOCENTES OCASIONALES ENERO DE 2026;TECNOLOGICA;TIEMPO COMPLETO;OCASIONAL
Enero;497-002;PREGRADO - OCASIONAL TIEMPO COMPLETO;829181318;LIQUIDACION DE NOMINA TEMPORAL DOCENTES OCASIONALES ENERO DE 2026;PREGRADO;TIEMPO COMPLETO;OCASIONAL
Enero;497-002;PREGRADO - OCASIONAL MEDIO TIEMPO;23917338;LIQUIDACION DE NOMINA TEMPORAL DOCENTES OCASIONALES ENERO DE 2026;PREGRADO;MEDIO TIEMPO;OCASIONAL
Enero;492-001;TECNOLOGICA - PLANTA TIEMPO COMPLETO;30131388;LIQUIDACION NOMINA PLANTA DE PERSONAL - ENERO 2026;TECNOLOGICA;TIEMPO COMPLETO;PLANTA
Enero;492-001;PREGRADO - PLANTA TIEMPO COMPLETO;2025656491;LIQUIDACION NOMINA PLANTA DE PERSONAL - ENERO 2026;PREGRADO;TIEMPO COMPLETO;PLANTA
Enero;492-001;PREGRADO - PLANTA MEDIO TIEMPO;6625504;LIQUIDACION NOMINA PLANTA DE PERSONAL - ENERO 2026;PREGRADO;MEDIO TIEMPO;PLANTA
Enero;492-001;POSGRADO - PLANTA TIEMPO COMPLETO;37084708;LIQUIDACION NOMINA PLANTA DE PERSONAL - ENERO 2026;POSGRADO;TIEMPO COMPLETO;PLANTA
Enero;497-001;TEMPORAL (SUPERNUMERARIO);38065968;LIQUIDACION DE NOMINA TEMPORAL SUPERNUMERARIOS ENERO DE 2026;ADMINISTRATIVO;ADMINISTRATIVO;SUPERNUMERARIO
Febrero;492-002;PERMANENTE - (PLANTA);9603749;LIQUIDACIÓN NÓMINA ADICIONAL PLANTA DE PERSONAL - ENERO 2026;ADMINISTRATIVO;ADMINISTRATIVO;ADMINISTRATIVO
Febrero;492-003;PERMANENTE - (PLANTA);4195143945;LIQUIDACIÓN NÓMINA PLANTA DE PERSONAL - FEBRERO 2026;ADMINISTRATIVO;ADMINISTRATIVO;ADMINISTRATIVO
Febrero;492-003;TECNOLOGICA - PLANTA TIEMPO COMPLETO;95507625;LIQUIDACIÓN NÓMINA PLANTA DE PERSONAL - FEBRERO 2026;TECNOLOGICA;TIEMPO COMPLETO;PLANTA
Febrero;492-003;PREGRADO - PLANTA TIEMPO COMPLETO;6559454251;LIQUIDACIÓN NÓMINA PLANTA DE PERSONAL - FEBRERO 2026;PREGRADO;TIEMPO COMPLETO;PLANTA
Febrero;492-003;PREGRADO - PLANTA MEDIO TIEMPO;25172753;LIQUIDACIÓN NÓMINA PLANTA DE PERSONAL - FEBRERO 2026;PREGRADO;MEDIO TIEMPO;PLANTA
Febrero;492-003;POSGRADO - PLANTA TIEMPO COMPLETO;109029975;LIQUIDACIÓN NÓMINA PLANTA DE PERSONAL - FEBRERO 2026;POSGRADO;TIEMPO COMPLETO;PLANTA
Febrero;497-004;TEMPORAL (SUPERNUMERARIO);69964;LIQUIDACION DE NOMINA TEMPORAL SUPERNUMERARIOS ADICIONAL ENERO DE 2026;ADMINISTRATIVO;ADMINISTRATIVO;SUPERNUMERARIO
Febrero;497-005;POSGRADO - CATEDRA;36898568;LIQUIDACION DE NOMINA TEMPORAL CATEDRATICOS POSGRADO EXTERNOS ADICIONAL ENERO DE 2026;POSGRADO;HORA CATEDRA;CATEDRA POSGRADO
Febrero;497-006;TEMPORAL (SUPERNUMERARIO);96117843;LIQUIDACION DE NOMINA TEMPORAL SUPERNUMERARIOS FEBRERO DE 2026;ADMINISTRATIVO;ADMINISTRATIVO;SUPERNUMERARIO
Febrero;497-007;TECNICA - OCASIONAL TIEMPO COMPLETO;128266206;LIQUIDACION DE NOMINA TEMPORAL DOCENTES OCASIONALES FEBRERO DE 2026;TECNICA;TIEMPO COMPLETO;OCASIONAL
Febrero;497-007;TECNOLOGICA - OCASIONAL TIEMPO COMPLETO;306770348;LIQUIDACION DE NOMINA TEMPORAL DOCENTES OCASIONALES FEBRERO DE 2026;TECNOLOGICA;TIEMPO COMPLETO;OCASIONAL
Febrero;497-007;TECNOLOGICA - OCASIONAL MEDIO TIEMPO;1474287;LIQUIDACION DE NOMINA TEMPORAL DOCENTES OCASIONALES FEBRERO DE 2026;TECNOLOGICA;MEDIO TIEMPO;OCASIONAL
Febrero;497-007;PREGRADO - OCASIONAL TIEMPO COMPLETO;5303301475;LIQUIDACION DE NOMINA TEMPORAL DOCENTES OCASIONALES FEBRERO DE 2026;PREGRADO;TIEMPO COMPLETO;OCASIONAL
Febrero;497-007;PREGRADO - OCASIONAL MEDIO TIEMPO;193157838;LIQUIDACION DE NOMINA TEMPORAL DOCENTES OCASIONALES FEBRERO DE 2026;PREGRADO;MEDIO TIEMPO;OCASIONAL
Febrero;497-008;POSGRADO - CATEDRA;84151326;LIQUIDACION DE NOMINA TEMPORAL CATEDRATICOS POSGRADO EXTERNOS FEBRERO DE 2026;POSGRADO;HORA CATEDRA;CATEDRA POSGRADO
Febrero;497-009;TECNICA - CATEDRA;33710415;LIQUIDACION DE NOMINA TEMPORAL DOCENTES CATEDRATICOS FEBRERO DE 2026;TECNICA;HORA CATEDRA;CATEDRA
Febrero;497-009;TECNOLOGICA - CATEDRA;33000566;LIQUIDACION DE NOMINA TEMPORAL DOCENTES CATEDRATICOS FEBRERO DE 2026;TECNOLOGICA;HORA CATEDRA;CATEDRA
Febrero;497-009;PREGRADO - CATEDRA;379388273;LIQUIDACION DE NOMINA TEMPORAL DOCENTES CATEDRATICOS FEBRERO DE 2026;PREGRADO;HORA CATEDRA;CATEDRA
Marzo;492-004;PERMANENTE - (PLANTA);3925798768;LIQUIDACIÓN NÓMINA PLANTA DE PERSONAL - MARZO 2026;ADMINISTRATIVO;ADMINISTRATIVO;ADMINISTRATIVO
Marzo;492-004;TECNICA - PLANTA TIEMPO COMPLETO;2504096;LIQUIDACIÓN NÓMINA PLANTA DE PERSONAL - MARZO 2026;TECNICA;TIEMPO COMPLETO;PLANTA
Marzo;492-004;TECNOLOGICA - PLANTA TIEMPO COMPLETO;88738500;LIQUIDACIÓN NÓMINA PLANTA DE PERSONAL - MARZO 2026;TECNOLOGICA;TIEMPO COMPLETO;PLANTA
Marzo;492-004;PREGRADO - PLANTA TIEMPO COMPLETO;6399680616;LIQUIDACIÓN NÓMINA PLANTA DE PERSONAL - MARZO 2026;PREGRADO;TIEMPO COMPLETO;PLANTA
Marzo;492-004;PREGRADO - PLANTA MEDIO TIEMPO;23928535;LIQUIDACIÓN NÓMINA PLANTA DE PERSONAL - MARZO 2026;PREGRADO;MEDIO TIEMPO;PLANTA
Marzo;492-004;POSGRADO - PLANTA TIEMPO COMPLETO;95512146;LIQUIDACIÓN NÓMINA PLANTA DE PERSONAL - MARZO 2026;POSGRADO;TIEMPO COMPLETO;PLANTA
Marzo;497-010;TEMPORAL (SUPERNUMERARIO);100563371;LIQUIDACION DE NOMINA TEMPORAL SUPERNUMERARIOS MARZO DE 2026;ADMINISTRATIVO;ADMINISTRATIVO;SUPERNUMERARIO
Marzo;497-011;TECNICA - CATEDRA;53391125;LIQUIDACION DE NOMINA TEMPORAL DOCENTES CATEDRATICOS MARZO DE 2026;TECNICA;HORA CATEDRA;CATEDRA
Marzo;497-011;TECNOLOGICA - CATEDRA;53301726;LIQUIDACION DE NOMINA TEMPORAL DOCENTES CATEDRATICOS MARZO DE 2026;TECNOLOGICA;HORA CATEDRA;CATEDRA
Marzo;497-011;PREGRADO - CATEDRA;655210661;LIQUIDACION DE NOMINA TEMPORAL DOCENTES CATEDRATICOS MARZO DE 2026;PREGRADO;HORA CATEDRA;CATEDRA
Marzo;497-012;TECNICA - OCASIONAL TIEMPO COMPLETO;166634644;LIQUIDACION DE NOMINA TEMPORAL DOCENTES OCASIONALES MARZO DE 2026;TECNICA;TIEMPO COMPLETO;OCASIONAL
Marzo;497-012;TECNOLOGICA - OCASIONAL TIEMPO COMPLETO;355201292;LIQUIDACION DE NOMINA TEMPORAL DOCENTES OCASIONALES MARZO DE 2026;TECNOLOGICA;TIEMPO COMPLETO;OCASIONAL
Marzo;497-012;TECNOLOGICA - OCASIONAL MEDIO TIEMPO;2211430;LIQUIDACION DE NOMINA TEMPORAL DOCENTES OCASIONALES MARZO DE 2026;TECNOLOGICA;MEDIO TIEMPO;OCASIONAL
Marzo;497-012;PREGRADO - OCASIONAL TIEMPO COMPLETO;6211768836;LIQUIDACION DE NOMINA TEMPORAL DOCENTES OCASIONALES MARZO DE 2026;PREGRADO;TIEMPO COMPLETO;OCASIONAL
Marzo;497-012;PREGRADO - OCASIONAL MEDIO TIEMPO;229976168;LIQUIDACION DE NOMINA TEMPORAL DOCENTES OCASIONALES MARZO DE 2026;PREGRADO;MEDIO TIEMPO;OCASIONAL
Marzo;497-013;PREGRADO - CATEDRA;279475;LIQUIDACION DE NOMINA TEMPORAL CATEDRATICOS POSGRADO EXTERNOS MARZO DE 2026;PREGRADO;HORA CATEDRA;CATEDRA
Marzo;497-013;POSGRADO - CATEDRA;1443959446;LIQUIDACION DE NOMINA TEMPORAL CATEDRATICOS POSGRADO EXTERNOS MARZO DE 2026;POSGRADO;HORA CATEDRA;CATEDRA POSGRADO
Abril;492-005;PERMANENTE - (PLANTA);5277165788;LIQUIDACIÓN NÓMINA PLANTA DE PERSONAL - ABRIL 2026;ADMINISTRATIVO;ADMINISTRATIVO;ADMINISTRATIVO
Abril;492-005;TECNICA - PLANTA TIEMPO COMPLETO;1515136;LIQUIDACIÓN NÓMINA PLANTA DE PERSONAL - ABRIL 2026;TECNICA;TIEMPO COMPLETO;PLANTA
Abril;492-005;TECNOLOGICA - PLANTA TIEMPO COMPLETO;108985346;LIQUIDACIÓN NÓMINA PLANTA DE PERSONAL - ABRIL 2026;TECNOLOGICA;TIEMPO COMPLETO;PLANTA
Abril;492-005;PREGRADO - PLANTA TIEMPO COMPLETO;7909032274;LIQUIDACIÓN NÓMINA PLANTA DE PERSONAL - ABRIL 2026;PREGRADO;TIEMPO COMPLETO;PLANTA
Abril;492-005;PREGRADO - PLANTA MEDIO TIEMPO;35899768;LIQUIDACIÓN NÓMINA PLANTA DE PERSONAL - ABRIL 2026;PREGRADO;MEDIO TIEMPO;PLANTA
Abril;492-005;POSGRADO - PLANTA TIEMPO COMPLETO;125564262;LIQUIDACIÓN NÓMINA PLANTA DE PERSONAL - ABRIL 2026;POSGRADO;TIEMPO COMPLETO;PLANTA
Abril;497-014;TEMPORAL (SUPERNUMERARIO);124886682;LIQUIDACION DE NOMINA TEMPORAL SUPERNUMERARIOS ABRIL DE 2026;ADMINISTRATIVO;ADMINISTRATIVO;SUPERNUMERARIO
Abril;497-015;TECNICA - OCASIONAL TIEMPO COMPLETO;190259645;LIQUIDACION DE NOMINA TEMPORAL DOCENTES OCASIONALES ABRIL DE 2026;TECNICA;TIEMPO COMPLETO;OCASIONAL
Abril;497-015;TECNOLOGICA - OCASIONAL TIEMPO COMPLETO;420077709;LIQUIDACION DE NOMINA TEMPORAL DOCENTES OCASIONALES ABRIL DE 2026;TECNOLOGICA;TIEMPO COMPLETO;OCASIONAL
Abril;497-015;TECNOLOGICA - OCASIONAL MEDIO TIEMPO;2624478;LIQUIDACION DE NOMINA TEMPORAL DOCENTES OCASIONALES ABRIL DE 2026;TECNOLOGICA;MEDIO TIEMPO;OCASIONAL
Abril;497-015;PREGRADO - OCASIONAL TIEMPO COMPLETO;7054466048;LIQUIDACION DE NOMINA TEMPORAL DOCENTES OCASIONALES ABRIL DE 2026;PREGRADO;TIEMPO COMPLETO;OCASIONAL
Abril;497-015;PREGRADO - OCASIONAL MEDIO TIEMPO;274456546;LIQUIDACION DE NOMINA TEMPORAL DOCENTES OCASIONALES ABRIL DE 2026;PREGRADO;MEDIO TIEMPO;OCASIONAL
Abril;497-016;TECNICA - CATEDRA;139086232;LIQUIDACION DE NOMINA TEMPORAL DOCENTES CATEDRATICOS ABRIL DE 2026;TECNICA;HORA CATEDRA;CATEDRA
Abril;497-016;TECNOLOGICA - CATEDRA;61026399;LIQUIDACION DE NOMINA TEMPORAL DOCENTES CATEDRATICOS ABRIL DE 2026;TECNOLOGICA;HORA CATEDRA;CATEDRA
Abril;497-016;PREGRADO - CATEDRA;746082339;LIQUIDACION DE NOMINA TEMPORAL DOCENTES CATEDRATICOS ABRIL DE 2026;PREGRADO;HORA CATEDRA;CATEDRA
Abril;497-017;POSGRADO - CATEDRA;1367955926;LIQUIDACION DE NOMINA TEMPORAL CATEDRATICOS POSGRADO EXTERNOS ABRIL DE 2026;POSGRADO;HORA CATEDRA;CATEDRA POSGRADO
Mayo;492-006;PERMANENTE - (PLANTA);4362072276;LIQUIDACIÓN NÓMINA PLANTA DE PERSONAL - MAYO 2026;ADMINISTRATIVO;ADMINISTRATIVO;ADMINISTRATIVO
Mayo;492-006;TECNOLOGICA - PLANTA TIEMPO COMPLETO;82583149;LIQUIDACIÓN NÓMINA PLANTA DE PERSONAL - MAYO 2026;TECNOLOGICA;TIEMPO COMPLETO;PLANTA
Mayo;492-006;PREGRADO - PLANTA TIEMPO COMPLETO;6109977169;LIQUIDACIÓN NÓMINA PLANTA DE PERSONAL - MAYO 2026;PREGRADO;TIEMPO COMPLETO;PLANTA
Mayo;492-006;PREGRADO - PLANTA MEDIO TIEMPO;20696386;LIQUIDACIÓN NÓMINA PLANTA DE PERSONAL - MAYO 2026;PREGRADO;MEDIO TIEMPO;PLANTA
Mayo;492-006;POSGRADO - PLANTA TIEMPO COMPLETO;102284673;LIQUIDACIÓN NÓMINA PLANTA DE PERSONAL - MAYO 2026;POSGRADO;TIEMPO COMPLETO;PLANTA
Mayo;497-018;TEMPORAL (SUPERNUMERARIO);117788851;LIQUIDACION DE NOMINA TEMPORAL SUPERNUMERARIOS MAYO DE 2026;ADMINISTRATIVO;ADMINISTRATIVO;SUPERNUMERARIO
Mayo;497-019;TECNICA - OCASIONAL TIEMPO COMPLETO;155855051;LIQUIDACION DE NOMINA TEMPORAL DOCENTES OCASIONALES MAYO DE 2026;TECNICA;TIEMPO COMPLETO;OCASIONAL
Mayo;497-019;TECNOLOGICA - OCASIONAL TIEMPO COMPLETO;353752708;LIQUIDACION DE NOMINA TEMPORAL DOCENTES OCASIONALES MAYO DE 2026;TECNOLOGICA;TIEMPO COMPLETO;OCASIONAL
Mayo;497-019;TECNOLOGICA - OCASIONAL MEDIO TIEMPO;2366323;LIQUIDACION DE NOMINA TEMPORAL DOCENTES OCASIONALES MAYO DE 2026;TECNOLOGICA;MEDIO TIEMPO;OCASIONAL
Mayo;497-019;PREGRADO - OCASIONAL TIEMPO COMPLETO;5855416035;LIQUIDACION DE NOMINA TEMPORAL DOCENTES OCASIONALES MAYO DE 2026;PREGRADO;TIEMPO COMPLETO;OCASIONAL
Mayo;497-019;PREGRADO - OCASIONAL MEDIO TIEMPO;250179671;LIQUIDACION DE NOMINA TEMPORAL DOCENTES OCASIONALES MAYO DE 2026;PREGRADO;MEDIO TIEMPO;OCASIONAL
Mayo;497-020;TECNICA - CATEDRA;267129403;LIQUIDACION DE NOMINA TEMPORAL DOCENTES CATEDRATICOS MAYO DE 2026;TECNICA;HORA CATEDRA;CATEDRA
Mayo;497-020;TECNOLOGICA - CATEDRA;57638897;LIQUIDACION DE NOMINA TEMPORAL DOCENTES CATEDRATICOS MAYO DE 2026;TECNOLOGICA;HORA CATEDRA;CATEDRA
Mayo;497-020;PREGRADO - CATEDRA;735758696;LIQUIDACION DE NOMINA TEMPORAL DOCENTES CATEDRATICOS MAYO DE 2026;PREGRADO;HORA CATEDRA;CATEDRA
Mayo;497-021;POSGRADO - CATEDRA;1674401702;LIQUIDACION DE NOMINA TEMPORAL CATEDRATICOS POSGRADO EXTERNOS MAYO DE 2026;POSGRADO;HORA CATEDRA;CATEDRA POSGRADO
