Seccion;Centro;Concepto;Número;Valor recaudo
FACULTAD CIENCIAS BASICAS;Doctorado en Ciencias - Física; Certificaciones, constancias académicas y derechos complementarios;8;101500
FACULTAD CIENCIAS BASICAS;Doctorado en Ciencias Biológicas y Ambientales; Certificaciones, constancias académicas y derechos complementarios;5;367000
FACULTAD CIENCIAS DE LA EDUCACION;Doctorado en Ciencias de la Educación; Certificaciones, constancias académicas y derechos complementarios;42;1210000
FACULTAD CIENCIAS BASICAS;Doctorado en Ciencias Matemáticas; Certificaciones, constancias académicas y derechos complementarios;2;38500
FACULTAD CIENCIAS BASICAS;Doctorado en Ciencias Químicas; Certificaciones, constancias académicas y derechos complementarios;3;66500
FACULTAD CIENCIAS DE LA EDUCACION;Doctorado en Geografía; Certificaciones, constancias académicas y derechos complementarios;13;748000
FACULTAD CIENCIAS DE LA EDUCACION;Doctorado en Historia; Certificaciones, constancias académicas y derechos complementarios;17;1139500
SECCIONAL SOGAMOSO;Doctorado en Ingeniería - Sogamoso; Certificaciones, constancias académicas y derechos complementarios;9;426500
FACULTAD INGENIERIA;Doctorado en Ingeniería - Tunja; Certificaciones, constancias académicas y derechos complementarios;4;42000
FACULTAD INGENIERIA;Doctorado en Ingeniería y Ciencia de los Materiales; Certificaciones, constancias académicas y derechos complementarios;27;1339700
FACULTAD CIENCIAS DE LA EDUCACION;Doctorado en Lenguaje y Cultura; Certificaciones, constancias académicas y derechos complementarios;24;545100
FACULTAD CIENCIAS DE LA EDUCACION;Doctorado en Pedagogía y Didáctica; Certificaciones, constancias académicas y derechos complementarios;36;518000
FACULTAD CIENCIAS AGROPECUARIAS;Doctorado en Territorio y Desarrollo Rural; Certificaciones, constancias académicas y derechos complementarios;3;31500
FACULTAD ESTUDIOS TECNOLOGICOS Y A DISTANCIA;Especialización en Alta Gerencia de Empresas; Certificaciones, constancias académicas y derechos complementarios;94;2806000
FACULTAD CIENCIAS ECONOMICAS, ADMINISTRATIVAS Y CONTABLES;Especialización en Alta Gerencia en Mercadotecnia - Tunja; Certificaciones, constancias académicas y derechos complementarios;33;749000
SECCIONAL SOGAMOSO;Especialización en Analítica Estratégica de Datos; Certificaciones, constancias académicas y derechos complementarios;33;731500
FACULTAD CIENCIAS DE LA EDUCACION;Especialización en Archivística; Certificaciones, constancias académicas y derechos complementarios;25;822000
FACULTAD ESTUDIOS TECNOLOGICOS Y A DISTANCIA;Especialización en Auditoría de la Calidad en Salud; Certificaciones, constancias académicas y derechos complementarios;12;336000
SECCIONAL SOGAMOSO;Especialización en Automatización Industrial; Certificaciones, constancias académicas y derechos complementarios;10;210000
FACULTAD INGENIERIA;Especialización en Bases de Datos; Certificaciones, constancias académicas y derechos complementarios;3;84000
FACULTAD CIENCIAS AGROPECUARIAS;Especialización en Biotecnología Reproductiva; Certificaciones, constancias académicas y derechos complementarios;15;315000
FACULTAD CIENCIAS AGROPECUARIAS;Especialización en biotecnología reproductiva - Presencial - Aguazul; Certificaciones, constancias académicas y derechos complementarios;4;112000
FACULTAD ESTUDIOS TECNOLOGICOS Y A DISTANCIA;Especialización en Didáctica de la Matemática para la Educación Básica; Certificaciones, constancias académicas y derechos complementarios;31;1322000
SECCIONAL DUITAMA;Especialización en Estadística; Certificaciones, constancias académicas y derechos complementarios;4;112000
FACULTAD INGENIERIA;Especialización en Estructuras; Certificaciones, constancias académicas y derechos complementarios;40;1207000
FACULTAD INGENIERIA;Especialización en Geotecnia; Certificaciones, constancias académicas y derechos complementarios;33;976000
SECCIONAL SOGAMOSO;Especialización en Geotecnia Vial; Certificaciones, constancias académicas y derechos complementarios;10;210000
FACULTAD ESTUDIOS TECNOLOGICOS Y A DISTANCIA;Especialización en Gerencia de Empresas de Salud; Certificaciones, constancias académicas y derechos complementarios;24;549500
FACULTAD INGENIERIA;Especialización en Gerencia de Proyectos de Construcción - Presencial; Certificaciones, constancias académicas y derechos complementarios;36;2003500
FACULTAD INGENIERIA;Especialización en Gerencia de Proyectos de Construcción en modalidad virtual; Certificaciones, constancias académicas y derechos complementarios;73;1641000
SECCIONAL SOGAMOSO;Especialización en Gerencia del Talento Humano; Certificaciones, constancias académicas y derechos complementarios;15;402500
FACULTAD CIENCIAS DE LA EDUCACION;Especialización en Gerencia Educacional - Tunja; Certificaciones, constancias académicas y derechos complementarios;85;1766800
FACULTAD CIENCIAS ECONOMICAS, ADMINISTRATIVAS Y CONTABLES;Especialización en Gerencia Tributaria; Certificaciones, constancias académicas y derechos complementarios;59;1843500
SECCIONAL SOGAMOSO;Especialización en Gestión Ambiental; Certificaciones, constancias académicas y derechos complementarios;9;182000
FACULTAD INGENIERIA;Especialización en Gestión Avanzada del Riesgo de Desastres; Certificaciones, constancias académicas y derechos complementarios;7;168000
FACULTAD INGENIERIA;Especialización en gestión de Integridad y Corrosión, modalidad Virtual; Certificaciones, constancias académicas y derechos complementarios;34;637000
SECCIONAL DUITAMA;Especialización en Gestión de la Productividad y Mejoramiento Continúo; Certificaciones, constancias académicas y derechos complementarios;21;518000
FACULTAD CIENCIAS DE LA EDUCACION;Especialización en Gestión del Patrimonio Cultural - Combinada; Certificaciones, constancias académicas y derechos complementarios;4;112000
FACULTAD CIENCIAS DE LA EDUCACION;Especialización en Gestión del Patrimonio Cultural - Presencial; Certificaciones, constancias académicas y derechos complementarios;16;395500
SECCIONAL DUITAMA;Especialización en Gestión Estratégica de Proyectos; Certificaciones, constancias académicas y derechos complementarios;23;563600
SECCIONAL SOGAMOSO;Especialización en Gestión y Auditoría Tributaria; Certificaciones, constancias académicas y derechos complementarios;19;444500
SECCIONAL DUITAMA;Especialización en Informática para la Docencia; Certificaciones, constancias académicas y derechos complementarios;24;584500
FACULTAD INGENIERIA;Especialización en Infraestructura Vial; Certificaciones, constancias académicas y derechos complementarios;16;989500
FACULTAD INGENIERIA;Especialización en Ingeniería de los Recursos Hídricos; Certificaciones, constancias académicas y derechos complementarios;11;308000
SECCIONAL SOGAMOSO;Especialización en Ingeniería de Producción y Operaciones; Certificaciones, constancias académicas y derechos complementarios;9;252000
FACULTAD INGENIERIA;Especialización en Ingeniería Ferroviaria; Certificaciones, constancias académicas y derechos complementarios;70;1225000
FACULTAD CIENCIAS BASICAS;Especialización en Inteligencia Artificial; Certificaciones, constancias académicas y derechos complementarios;14;392000
FACULTAD CIENCIAS AGROPECUARIAS;Especialización en Laboratorio Clínico Veterinario; Certificaciones, constancias académicas y derechos complementarios;19;863500
FACULTAD CIENCIAS AGROPECUARIAS;Especialización en Manejo de Riego y Fertirrigación; Certificaciones, constancias académicas y derechos complementarios;9;217000
FACULTAD ESTUDIOS TECNOLOGICOS Y A DISTANCIA;Especialización en Marketing Digital; Certificaciones, constancias académicas y derechos complementarios;1;28000
FACULTAD CIENCIAS DE LA SALUD;Especialización en Medicina Familiar; Certificaciones, constancias académicas y derechos complementarios;32;388500
FACULTAD INGENIERIA;Especialización en Metalurgia Extractiva Sostenible - Virtual; Certificaciones, constancias académicas y derechos complementarios;6;168000
FACULTAD CIENCIAS DE LA EDUCACION;Especialización en Necesidades de Aprendizaje en Lectura, Escritura y Matemáticas; Certificaciones, constancias académicas y derechos complementarios;30;986500
FACULTAD CIENCIAS ECONOMICAS, ADMINISTRATIVAS Y CONTABLES;Especialización en Normas Internacionales de Información Financiera (NIIF); Certificaciones, constancias académicas y derechos complementarios;8;468500
FACULTAD ESTUDIOS TECNOLOGICOS Y A DISTANCIA;Especialización en Pedagogía de la Lengua Castellana y la Literatura; Certificaciones, constancias académicas y derechos complementarios;36;850500
SECCIONAL DUITAMA;Especialización en Pedagogía de los Derechos Humanos; Certificaciones, constancias académicas y derechos complementarios;27;930500
FACULTAD CIENCIAS ECONOMICAS, ADMINISTRATIVAS Y CONTABLES;Especialización en Planeación y Gestión del Desarrollo Territorial; Certificaciones, constancias académicas y derechos complementarios;37;826000
FACULTAD CIENCIAS ECONOMICAS, ADMINISTRATIVAS Y CONTABLES;Especialización en Planeación y Gestión del Desarrollo Territorial - Aguazul; Certificaciones, constancias académicas y derechos complementarios;10;175000
SECCIONAL DUITAMA;Especialización en Planificación y Regulación Energética; Certificaciones, constancias académicas y derechos complementarios;9;217000
FACULTAD INGENIERIA;Especialización en Programación para Ciencia de Datos; Certificaciones, constancias académicas y derechos complementarios;2;56000
FACULTAD CIENCIAS BASICAS;Especialización en Seguridad y Calidad Alimentaria; Certificaciones, constancias académicas y derechos complementarios;21;500500
FACULTAD CIENCIAS DE LA SALUD;Especialización en Seguridad y Salud en el Trabajo; Certificaciones, constancias académicas y derechos complementarios;20;367500
SECCIONAL SOGAMOSO;Especialización en Seguridad y Salud en el Trabajo - Sogamoso; Certificaciones, constancias académicas y derechos complementarios;31;675500
FACULTAD CIENCIAS AGROPECUARIAS;Especialización en Sistemas de Información Geográfica - Aguazul; Certificaciones, constancias académicas y derechos complementarios;25;507500
FACULTAD CIENCIAS AGROPECUARIAS;Especialización en Sistemas de Información Geográfica - Tunja; Certificaciones, constancias académicas y derechos complementarios;62;1386000
FACULTAD INGENIERIA;Especialización en Tránsito y Transporte - Bogotá; Certificaciones, constancias académicas y derechos complementarios;27;700000
FACULTAD INGENIERIA;Especialización en Tránsito y Transporte - Tunja; Certificaciones, constancias académicas y derechos complementarios;16;238000
FACULTAD CIENCIAS ECONOMICAS, ADMINISTRATIVAS Y CONTABLES;Especialización Finanzas; Certificaciones, constancias académicas y derechos complementarios;59;1267000
SECCIONAL SOGAMOSO;Maestría en Administración; Certificaciones, constancias académicas y derechos complementarios;41;1618500
FACULTAD CIENCIAS ECONOMICAS, ADMINISTRATIVAS Y CONTABLES;Maestría en Administración de Organizaciones; Certificaciones, constancias académicas y derechos complementarios;20;804000
SECCIONAL DUITAMA;Maestría en Agroindustria Alimentaria e Innovación; Certificaciones, constancias académicas y derechos complementarios;8;84000
FACULTAD CIENCIAS DE LA EDUCACION;Maestría en Ambientes Educativos mediados por TIC; Certificaciones, constancias académicas y derechos complementarios;26;395500
FACULTAD CIENCIAS ECONOMICAS, ADMINISTRATIVAS Y CONTABLES;Maestría en Auditoría Integral; Certificaciones, constancias académicas y derechos complementarios;7;73500
FACULTAD CIENCIAS BASICAS;Maestría en Ciencias - Física; Certificaciones, constancias académicas y derechos complementarios;10;105000
FACULTAD CIENCIAS AGROPECUARIAS;Maestría en Ciencias Agrarias; Certificaciones, constancias académicas y derechos complementarios;19;661700
FACULTAD CIENCIAS BASICAS;Maestría en Ciencias Biológicas; Certificaciones, constancias académicas y derechos complementarios;22;580500
SECCIONAL SOGAMOSO;Maestría en Ciencias de la Tierra; Certificaciones, constancias académicas y derechos complementarios;3;31500
FACULTAD CIENCIAS BASICAS;Maestría en Ciencias Matemáticas; Certificaciones, constancias académicas y derechos complementarios;9;409000
FACULTAD CIENCIAS AGROPECUARIAS;Maestría en Ciencias Veterinarias; Certificaciones, constancias académicas y derechos complementarios;10;454500
FACULTAD DERECHO Y CIENCIAS SOCIALES;Maestría en Derechos Humanos - Bogotá; Certificaciones, constancias académicas y derechos complementarios;3;625500
FACULTAD DERECHO Y CIENCIAS SOCIALES;Maestría en Derechos Humanos - Tunja; Certificaciones, constancias académicas y derechos complementarios;29;1492500
FACULTAD CIENCIAS AGROPECUARIAS;Maestría en Desarrollo Rural; Certificaciones, constancias académicas y derechos complementarios;10;402000
FACULTAD CIENCIAS ECONOMICAS, ADMINISTRATIVAS Y CONTABLES;Maestría en Desarrollo Territorial; Certificaciones, constancias académicas y derechos complementarios;31;1304000
FACULTAD ESTUDIOS TECNOLOGICOS Y A DISTANCIA;Maestría en Didáctica de la Matemática; Certificaciones, constancias académicas y derechos complementarios;111;4188500
FACULTAD CIENCIAS DE LA EDUCACION;Maestría en Docencia de Idiomas; Certificaciones, constancias académicas y derechos complementarios;33;1325000
FACULTAD CIENCIAS ECONOMICAS, ADMINISTRATIVAS Y CONTABLES;Maestría en Economía; Certificaciones, constancias académicas y derechos complementarios;7;370500
FACULTAD CIENCIAS DE LA EDUCACION;Maestría en Educación; Certificaciones, constancias académicas y derechos complementarios;75;1739200
FACULTAD CIENCIAS DE LA EDUCACION;Maestría en Educación Matemática; Certificaciones, constancias académicas y derechos complementarios;24;584000
SECCIONAL DUITAMA;Maestría en Energías Renovales; Certificaciones, constancias académicas y derechos complementarios;23;870500
FACULTAD CIENCIAS DE LA EDUCACION;Maestría en Filosofía; Certificaciones, constancias académicas y derechos complementarios;3;31500
FACULTAD CIENCIAS ECONOMICAS, ADMINISTRATIVAS Y CONTABLES;Maestría en Finanzas; Certificaciones, constancias académicas y derechos complementarios;31;989500
FACULTAD CIENCIAS AGROPECUARIAS;Maestría en Fisiología Vegetal; Certificaciones, constancias académicas y derechos complementarios;3;49000
FACULTAD CIENCIAS DE LA EDUCACION;Maestría en Geografía; Certificaciones, constancias académicas y derechos complementarios;27;1646500
FACULTAD INGENIERIA;Maestría en Geotecnia; Certificaciones, constancias académicas y derechos complementarios;16;552500
FACULTAD INGENIERIA;Maestría en Gerencia de Proyectos de Construcción; Certificaciones, constancias académicas y derechos complementarios;31;1321500
FACULTAD INGENIERIA;Maestría en Gestión de Integridad y Corrosión - Presencial - Bogotá; Certificaciones, constancias académicas y derechos complementarios;1;10500
FACULTAD INGENIERIA;Maestría en Gestión de Integridad y Corrosión - Virtual - Tunja; Certificaciones, constancias académicas y derechos complementarios;14;444000
FACULTAD CIENCIAS DE LA EDUCACION;Maestría en Gestión Educativa; Certificaciones, constancias académicas y derechos complementarios;17;1122000
SECCIONAL DUITAMA;Maestría en Gestión Estratégica de Proyectos; Certificaciones, constancias académicas y derechos complementarios;14;444000
FACULTAD CIENCIAS DE LA EDUCACION;Maestría en Historia; Certificaciones, constancias académicas y derechos complementarios;13;171500
SECCIONAL SOGAMOSO;Maestría en Ingeniería; Certificaciones, constancias académicas y derechos complementarios;22;912500
FACULTAD INGENIERIA;Maestría en Ingeniería Ambiental; Certificaciones, constancias académicas y derechos complementarios;2;318000
FACULTAD INGENIERIA;Maestría en Ingeniería con Énfasis en Transporte, Tránsito e Infraestructura Vial; Certificaciones, constancias académicas y derechos complementarios;35;2192200
SECCIONAL DUITAMA;Maestría en Innovación y Marketing Turístico; Certificaciones, constancias académicas y derechos complementarios;7;196000
FACULTAD CIENCIAS DE LA EDUCACION;Maestría en Lingüística; Certificaciones, constancias académicas y derechos complementarios;17;213500
FACULTAD CIENCIAS DE LA EDUCACION;Maestría en Literatura; Certificaciones, constancias académicas y derechos complementarios;24;671500
SECCIONAL SOGAMOSO;Maestría en Logística; Certificaciones, constancias académicas y derechos complementarios;6;63000
FACULTAD INGENIERIA;Maestría en Metalurgia y Ciencias de los Materiales; Certificaciones, constancias académicas y derechos complementarios;30;1870000
FACULTAD CIENCIAS DE LA EDUCACION;Maestría en Patrimonio Cultural; Certificaciones, constancias académicas y derechos complementarios;8;678000
FACULTAD CIENCIAS DE LA EDUCACION;Maestría en Pedagogía de la Cultura Física; Certificaciones, constancias académicas y derechos complementarios;49;2628500
FACULTAD ESTUDIOS TECNOLOGICOS Y A DISTANCIA;Maestría en Pedagogía de la Lengua Castellana y Literatura; Certificaciones, constancias académicas y derechos complementarios;25;455000
FACULTAD CIENCIAS DE LA SALUD;Maestría en Psicología Clínica; Certificaciones, constancias académicas y derechos complementarios;9;129500
FACULTAD CIENCIAS BASICAS;Maestría en Química; Certificaciones, constancias académicas y derechos complementarios;10;419500
SECCIONAL DUITAMA;Maestría en Robótica Educativa; Certificaciones, constancias académicas y derechos complementarios;8;154000
SECCIONAL SOGAMOSO;Maestría en Seguridad y Salud en el Trabajo, énfasis en Higiene y Seguridad Industrial; Certificaciones, constancias académicas y derechos complementarios;13;224000
SECCIONAL DUITAMA;Maestría en TIC Aplicadas a las Ciencias de la Educación; Certificaciones, constancias académicas y derechos complementarios;9;129500
FACULTAD CIENCIAS DE LA EDUCACION;Doctorado en Ciencias de la Educación; Derechos de grado;3;5252700
FACULTAD CIENCIAS DE LA EDUCACION;Doctorado en Lenguaje y Cultura; Derechos de grado;1;875500
FACULTAD ESTUDIOS TECNOLOGICOS Y A DISTANCIA;Especialización en Alta Gerencia de Empresas; Derechos de grado;3;1400700
FACULTAD CIENCIAS ECONOMICAS, ADMINISTRATIVAS Y CONTABLES;Especialización en Alta Gerencia en Mercadotecnia - Tunja; Derechos de grado;2;1138100
FACULTAD CIENCIAS DE LA EDUCACION;Especialización en Gerencia Educacional - Tunja; Derechos de grado;1;875500
FACULTAD CIENCIAS DE LA EDUCACION;Especialización en Necesidades de Aprendizaje en Lectura, Escritura y Matemáticas; Derechos de grado;1;875500
FACULTAD CIENCIAS ECONOMICAS, ADMINISTRATIVAS Y CONTABLES;Especialización en Planeación y Gestión del Desarrollo Territorial; Derechos de grado;1;875500
FACULTAD CIENCIAS DE LA SALUD;Especialización en Seguridad y Salud en el Trabajo; Derechos de grado;1;875500
SECCIONAL SOGAMOSO;Maestría en Administración; Derechos de grado;1;875500
FACULTAD CIENCIAS ECONOMICAS, ADMINISTRATIVAS Y CONTABLES;Maestría en Administración de Organizaciones; Derechos de grado;1;875500
FACULTAD CIENCIAS DE LA EDUCACION;Maestría en Ambientes Educativos mediados por TIC; Derechos de grado;2;1751000
FACULTAD CIENCIAS AGROPECUARIAS;Maestría en Ciencias Agrarias; Derechos de grado;2;1751000
FACULTAD CIENCIAS BASICAS;Maestría en Ciencias Biológicas; Derechos de grado;2;1751000
FACULTAD CIENCIAS BASICAS;Maestría en Ciencias Matemáticas; Derechos de grado;3;2626500
FACULTAD CIENCIAS ECONOMICAS, ADMINISTRATIVAS Y CONTABLES;Maestría en Desarrollo Territorial; Derechos de grado;3;2626500
FACULTAD CIENCIAS DE LA EDUCACION;Maestría en Educación; Derechos de grado;3;2626500
FACULTAD CIENCIAS ECONOMICAS, ADMINISTRATIVAS Y CONTABLES;Maestría en Finanzas; Derechos de grado;1;875500
FACULTAD CIENCIAS AGROPECUARIAS;Maestría en Fisiología Vegetal; Derechos de grado;1;875500
FACULTAD INGENIERIA;Maestría en Gerencia de Proyectos de Construcción; Derechos de grado;1;875500
FACULTAD CIENCIAS DE LA EDUCACION;Maestría en Gestión Educativa; Derechos de grado;1;875500
SECCIONAL DUITAMA;Maestría en Gestión Estratégica de Proyectos; Derechos de grado;3;2626500
SECCIONAL SOGAMOSO;Maestría en Ingeniería; Derechos de grado;1;875500
FACULTAD CIENCIAS DE LA EDUCACION;Maestría en Literatura; Derechos de grado;4;3502000
FACULTAD CIENCIAS DE LA EDUCACION;Maestría en Patrimonio Cultural; Derechos de grado;1;875500
FACULTAD CIENCIAS DE LA EDUCACION;Maestría en Pedagogía de la Cultura Física; Derechos de grado;2;1751000
SECCIONAL DUITAMA;Maestría en TIC Aplicadas a las Ciencias de la Educación; Derechos de grado;3;2626500
FACULTAD CIENCIAS BASICAS;Doctorado en Ciencias - Física; Inscripciones ;14;4447200
FACULTAD CIENCIAS BASICAS;Doctorado en Ciencias Biológicas y Ambientales; Inscripciones ;21;6878700
FACULTAD CIENCIAS DE LA EDUCACION;Doctorado en Ciencias de la Educación; Inscripciones ;54;17187900
FACULTAD CIENCIAS BASICAS;Doctorado en Ciencias Matemáticas; Inscripciones ;5;1685500
FACULTAD CIENCIAS BASICAS;Doctorado en Ciencias Químicas; Inscripciones ;12;4136900
FACULTAD CIENCIAS DE LA EDUCACION;Doctorado en Geografía; Inscripciones ;27;8715000
FACULTAD CIENCIAS ECONOMICAS, ADMINISTRATIVAS Y CONTABLES;Doctorado en Gestión, Innovación y Emprendimiento; Inscripciones ;15;4612500
FACULTAD CIENCIAS DE LA EDUCACION;Doctorado en Historia; Inscripciones ;10;3174500
SECCIONAL SOGAMOSO;Doctorado en Ingeniería - Sogamoso; Inscripciones ;13;4159600
FACULTAD INGENIERIA;Doctorado en Ingeniería - Tunja; Inscripciones ;23;7490800
FACULTAD INGENIERIA;Doctorado en Ingeniería y Ciencia de los Materiales; Inscripciones ;15;4532500
FACULTAD CIENCIAS DE LA EDUCACION;Doctorado en Lenguaje y Cultura; Inscripciones ;27;8672300
FACULTAD CIENCIAS DE LA EDUCACION;Doctorado en Pedagogía y Didáctica; Inscripciones ;48;15348700
FACULTAD CIENCIAS AGROPECUARIAS;Doctorado en Territorio y Desarrollo Rural; Inscripciones ;38;12376500
FACULTAD ESTUDIOS TECNOLOGICOS Y A DISTANCIA;Especialización en Alta Gerencia de Empresas; Inscripciones ;80;24351700
FACULTAD CIENCIAS ECONOMICAS, ADMINISTRATIVAS Y CONTABLES;Especialización en Alta Gerencia en Mercadotecnia - Tunja; Inscripciones ;21;6252300
SECCIONAL SOGAMOSO;Especialización en Analítica Estratégica de Datos; Inscripciones ;26;8029000
FACULTAD CIENCIAS DE LA EDUCACION;Especialización en Archivística; Inscripciones ;17;5198900
FACULTAD ESTUDIOS TECNOLOGICOS Y A DISTANCIA;Especialización en Auditoría de la Calidad en Salud; Inscripciones ;60;18030900
SECCIONAL SOGAMOSO;Especialización en Automatización Industrial; Inscripciones ;9;2699100
FACULTAD INGENIERIA;Especialización en Bases de Datos; Inscripciones ;11;3291300
FACULTAD CIENCIAS AGROPECUARIAS;Especialización en Biotecnología Reproductiva; Inscripciones ;9;2787400
FACULTAD CIENCIAS AGROPECUARIAS;Especialización en biotecnología reproductiva - Presencial - Aguazul; Inscripciones ;5;1446300
SECCIONAL CHIQUINQUIRA;Especialización en Control Organizacional; Inscripciones ;1;307500
FACULTAD ESTUDIOS TECNOLOGICOS Y A DISTANCIA;Especialización en Didáctica de la Matemática para la Educación Básica; Inscripciones ;22;6648100
SECCIONAL DUITAMA;Especialización en Diseño y Maquinaria y Equipo; Inscripciones ;2;592200
SECCIONAL DUITAMA;Especialización en Estadística; Inscripciones ;6;1753800
FACULTAD INGENIERIA;Especialización en Estructuras; Inscripciones ;33;10019000
FACULTAD INGENIERIA;Especialización en Geotecnia; Inscripciones ;15;4581000
SECCIONAL SOGAMOSO;Especialización en Geotecnia Vial; Inscripciones ;6;1845000
FACULTAD ESTUDIOS TECNOLOGICOS Y A DISTANCIA;Especialización en Gerencia de Empresas de Salud; Inscripciones ;16;4734700
FACULTAD INGENIERIA;Especialización en Gerencia de Proyectos de Construcción - Presencial; Inscripciones ;23;6955600
FACULTAD INGENIERIA;Especialización en gerencia de proyectos de construcción - Presencial - Aguazul; Inscripciones ;1;284700
FACULTAD INGENIERIA;Especialización en Gerencia de Proyectos de Construcción en modalidad virtual; Inscripciones ;40;12063300
SECCIONAL SOGAMOSO;Especialización en Gerencia del Talento Humano; Inscripciones ;17;5156200
FACULTAD CIENCIAS DE LA EDUCACION;Especialización en Gerencia Educacional - Bogotá; Inscripciones ;5;1511800
FACULTAD CIENCIAS DE LA EDUCACION;Especialización en Gerencia Educacional - Tunja; Inscripciones ;86;26002700
FACULTAD CIENCIAS ECONOMICAS, ADMINISTRATIVAS Y CONTABLES;Especialización en Gerencia Tributaria; Inscripciones ;47;13925200
SECCIONAL SOGAMOSO;Especialización en Gestión Ambiental; Inscripciones ;8;1534600
FACULTAD INGENIERIA;Especialización en Gestión Avanzada del Riesgo de Desastres; Inscripciones ;8;2502700
FACULTAD INGENIERIA;Especialización en gestión de Integridad y Corrosión, modalidad Virtual; Inscripciones ;17;5107700
SECCIONAL DUITAMA;Especialización en Gestión de la Productividad y Mejoramiento Continúo; Inscripciones ;17;5133400
FACULTAD CIENCIAS DE LA EDUCACION;Especialización en Gestión del Patrimonio Cultural - Combinada; Inscripciones ;13;4014500
FACULTAD CIENCIAS DE LA EDUCACION;Especialización en Gestión del Patrimonio Cultural - Presencial; Inscripciones ;13;3903400
SECCIONAL DUITAMA;Especialización en Gestión Estratégica de Proyectos; Inscripciones ;27;8208400
SECCIONAL SOGAMOSO;Especialización en Gestión y Auditoría Tributaria; Inscripciones ;28;8641100
SECCIONAL DUITAMA;Especialización en Informática para la Docencia; Inscripciones ;14;4168200
FACULTAD INGENIERIA;Especialización en Infraestructura Vial; Inscripciones ;14;4299200
FACULTAD INGENIERIA;Especialización en Ingeniería de los Recursos Hídricos; Inscripciones ;14;4259400
SECCIONAL SOGAMOSO;Especialización en Ingeniería de Producción y Operaciones; Inscripciones ;7;2129700
FACULTAD INGENIERIA;Especialización en Ingeniería Ferroviaria; Inscripciones ;35;10634000
FACULTAD CIENCIAS BASICAS;Especialización en Inteligencia Artificial; Inscripciones ;24;7416900
FACULTAD CIENCIAS AGROPECUARIAS;Especialización en Laboratorio Clínico Veterinario; Inscripciones ;6;1753800
FACULTAD CIENCIAS AGROPECUARIAS;Especialización en Manejo de Riego y Fertirrigación; Inscripciones ;11;3177300
FACULTAD ESTUDIOS TECNOLOGICOS Y A DISTANCIA;Especialización en Marketing Digital; Inscripciones ;15;4589700
FACULTAD CIENCIAS DE LA SALUD;Especialización en Medicina Familiar; Inscripciones ;3;919600
FACULTAD INGENIERIA;Especialización en Metalurgia Extractiva Sostenible - Virtual; Inscripciones ;9;2764600
FACULTAD CIENCIAS DE LA EDUCACION;Especialización en Necesidades de Aprendizaje en Lectura, Escritura y Matemáticas; Inscripciones ;30;8925700
SECCIONAL SOGAMOSO;Especialización en Normas Internacionales de Auditoría y Aseguramiento de la Información; Inscripciones ;3;700400
FACULTAD CIENCIAS ECONOMICAS, ADMINISTRATIVAS Y CONTABLES;Especialización en Normas Internacionales de Información Financiera (NIIF); Inscripciones ;1;284700
FACULTAD ESTUDIOS TECNOLOGICOS Y A DISTANCIA;Especialización en Pedagogía de la Lengua Castellana y la Literatura; Inscripciones ;45;13549400
SECCIONAL DUITAMA;Especialización en Pedagogía de los Derechos Humanos; Inscripciones ;35;10765000
FACULTAD CIENCIAS ECONOMICAS, ADMINISTRATIVAS Y CONTABLES;Especialización en Planeación y Gestión del Desarrollo Territorial; Inscripciones ;27;8043000
FACULTAD CIENCIAS ECONOMICAS, ADMINISTRATIVAS Y CONTABLES;Especialización en Planeación y Gestión del Desarrollo Territorial - Aguazul; Inscripciones ;3;899700
SECCIONAL DUITAMA;Especialización en Planificación del Turismo Sostenible; Inscripciones ;16;4783200
SECCIONAL DUITAMA;Especialización en Planificación y Regulación Energética; Inscripciones ;11;3353900
FACULTAD INGENIERIA;Especialización en Programación para Ciencia de Datos; Inscripciones ;11;3379600
FACULTAD CIENCIAS BASICAS;Especialización en Seguridad y Calidad Alimentaria; Inscripciones ;15;4583900
FACULTAD CIENCIAS DE LA SALUD;Especialización en Seguridad y Salud en el Trabajo; Inscripciones ;15;4450000
SECCIONAL SOGAMOSO;Especialización en Seguridad y Salud en el Trabajo - Sogamoso; Inscripciones ;17;5062100
FACULTAD DERECHO Y CIENCIAS SOCIALES;Especialización en Sistema de Responsabilidad Penal Adolescente; Inscripciones ;2;307500
FACULTAD CIENCIAS AGROPECUARIAS;Especialización en Sistemas de Información Geográfica - Aguazul; Inscripciones ;14;4122600
FACULTAD CIENCIAS AGROPECUARIAS;Especialización en Sistemas de Información Geográfica - Tunja; Inscripciones ;37;11254800
FACULTAD INGENIERIA;Especialización en Tecnologías Digitales para la Agricultura; Inscripciones ;1;284700
FACULTAD INGENIERIA;Especialización en Tránsito y Transporte - Bogotá; Inscripciones ;22;6488500
SECCIONAL CHIQUINQUIRA;Especialización en Tributaria; Inscripciones ;2;615000
FACULTAD CIENCIAS ECONOMICAS, ADMINISTRATIVAS Y CONTABLES;Especialización Finanzas; Inscripciones ;38;11200400
FACULTAD CIENCIAS ECONOMICAS, ADMINISTRATIVAS Y CONTABLES;Maestría en Administración de Organizaciones; Inscripciones ;6;1514700
SECCIONAL DUITAMA;Maestría en Agroindustria Alimentaria e Innovación; Inscripciones ;5;1537500
FACULTAD CIENCIAS DE LA EDUCACION;Maestría en Ambientes Educativos mediados por TIC; Inscripciones ;15;4566900
FACULTAD CIENCIAS ECONOMICAS, ADMINISTRATIVAS Y CONTABLES;Maestría en Auditoría Integral; Inscripciones ;11;3026500
FACULTAD CIENCIAS BASICAS;Maestría en Ciencias - Física; Inscripciones ;10;2961000
FACULTAD CIENCIAS AGROPECUARIAS;Maestría en Ciencias Agrarias; Inscripciones ;19;5774100
FACULTAD CIENCIAS BASICAS;Maestría en Ciencias Biológicas; Inscripciones ;7;2104000
SECCIONAL SOGAMOSO;Maestría en Ciencias de la Tierra; Inscripciones ;2;307500
FACULTAD CIENCIAS BASICAS;Maestría en Ciencias Matemáticas; Inscripciones ;1;307500
FACULTAD CIENCIAS AGROPECUARIAS;Maestría en Ciencias Veterinarias; Inscripciones ;4;1184400
SECCIONAL CHIQUINQUIRA;Maestría en Contabilidad Internacional; Inscripciones ;1;307500
SECCIONAL CHIQUINQUIRA;Maestría en Derechos Humanos - Chiquinquirá; Inscripciones ;2;307500
FACULTAD DERECHO Y CIENCIAS SOCIALES;Maestría en Derechos Humanos - Tunja; Inscripciones ;8;1514700
FACULTAD CIENCIAS AGROPECUARIAS;Maestría en Desarrollo Rural; Inscripciones ;11;3382500
FACULTAD CIENCIAS ECONOMICAS, ADMINISTRATIVAS Y CONTABLES;Maestría en Desarrollo Territorial; Inscripciones ;23;7024000
FACULTAD ESTUDIOS TECNOLOGICOS Y A DISTANCIA;Maestría en Didáctica de la Matemática; Inscripciones ;28;8497100
FACULTAD CIENCIAS DE LA EDUCACION;Maestría en Docencia de Idiomas; Inscripciones ;12;3484800
FACULTAD CIENCIAS ECONOMICAS, ADMINISTRATIVAS Y CONTABLES;Maestría en Economía; Inscripciones ;1;307500
FACULTAD CIENCIAS DE LA EDUCACION;Maestría en Educación; Inscripciones ;33;10161600
FACULTAD CIENCIAS DE LA EDUCACION;Maestría en Educación Matemática; Inscripciones ;6;1796500
SECCIONAL DUITAMA;Maestría en Energías Renovales; Inscripciones ;17;5247400
FACULTAD CIENCIAS DE LA EDUCACION;Maestría en Filosofía; Inscripciones ;4;1230000
FACULTAD CIENCIAS ECONOMICAS, ADMINISTRATIVAS Y CONTABLES;Maestría en Finanzas; Inscripciones ;7;2129700
FACULTAD CIENCIAS DE LA EDUCACION;Maestría en Geografía; Inscripciones ;10;2983800
FACULTAD INGENIERIA;Maestría en Geotecnia; Inscripciones ;7;2084100
FACULTAD INGENIERIA;Maestría en Gerencia de Proyectos de Construcción; Inscripciones ;8;2346000
FACULTAD INGENIERIA;Maestría en Gestión Avanzada del Riesgo de Desastres; Inscripciones ;6;1161600
FACULTAD INGENIERIA;Maestría en Gestión de Integridad y Corrosión - Virtual - Tunja; Inscripciones ;13;3137600
FACULTAD CIENCIAS DE LA EDUCACION;Maestría en Gestión Educativa; Inscripciones ;26;7661800
SECCIONAL DUITAMA;Maestría en Gestión Estratégica de Proyectos; Inscripciones ;11;3382500
FACULTAD CIENCIAS DE LA EDUCACION;Maestría en Historia; Inscripciones ;10;3092000
SECCIONAL SOGAMOSO;Maestría en Ingeniería; Inscripciones ;5;1557400
FACULTAD INGENIERIA;Maestría en Ingeniería Ambiental; Inscripciones ;2;350200
SECCIONAL DUITAMA;Maestría en Innovación y Marketing Turístico; Inscripciones ;14;4259400
FACULTAD CIENCIAS DE LA EDUCACION;Maestría en Lingüística; Inscripciones ;4;1315400
FACULTAD CIENCIAS DE LA EDUCACION;Maestría en Literatura; Inscripciones ;8;2414400
SECCIONAL SOGAMOSO;Maestría en Logística; Inscripciones ;3;634900
FACULTAD INGENIERIA;Maestría en Metalurgia y Ciencias de los Materiales; Inscripciones ;6;1731000
FACULTAD CIENCIAS DE LA EDUCACION;Maestría en Patrimonio Cultural; Inscripciones ;12;3667200
FACULTAD CIENCIAS DE LA EDUCACION;Maestría en Pedagogía de la Cultura Física; Inscripciones ;17;5110600
FACULTAD ESTUDIOS TECNOLOGICOS Y A DISTANCIA;Maestría en Pedagogía de la Lengua Castellana y Literatura; Inscripciones ;22;6534100
FACULTAD CIENCIAS DE LA SALUD;Maestría en Psicología Clínica; Inscripciones ;3;899700
FACULTAD CIENCIAS BASICAS;Maestría en Química; Inscripciones ;10;3052200
SECCIONAL DUITAMA;Maestría en Robótica Educativa; Inscripciones ;6;1930400
SECCIONAL SOGAMOSO;Maestría en Seguridad y Salud en el Trabajo, énfasis en Higiene y Seguridad Industrial; Inscripciones ;6;1842100
SECCIONAL DUITAMA;Maestría en TIC Aplicadas a las Ciencias de la Educación; Inscripciones ;4;1184400
